* Detected CPU: AMD Ryzen 7 5800H with Radeon Graphics          [AuthenticAMD], F15/M0/S0, 3193.00 mhz, 28-clk 'rdtsc'
* CPU features: RDTSC, MMX, SSE, SSE2, SSE3, SSSE3, SSE4.1, SSE4.2, HTT
* CPU cores/threads: 8/16

Found commandline file!
Initializing File System...
using fs-ltx ../fsgame.ltx
File System Ready...
FS: 53934 files cached 69 archives, 11528Kb memory used.
Init FileSystem 10.702241 sec
'xrCore' build 9763, Oct 31 2025

Modded exes version 2025.10.31

Game started: 09.11.2025 12:28:18.503

-----loading d:/games/gamma/anomaly/bin/..\gamedata\configs\system.ltx [2]
X-Ray Monolith v1.5.3
gamedata: 'ai\alife\anomalydetectprobability.efd'
gamedata: 'ai\alife\anomalyinteractprobability.efd'
gamedata: 'ai\alife\anomalyretreatprobability.efd'
gamedata: 'ai\alife\birthpercentage.efd'
gamedata: 'ai\alife\birthprobability.efd'
gamedata: 'ai\alife\birthspeed.efd'
gamedata: 'ai\alife\enemydetectability.efd'
gamedata: 'ai\alife\enemydetectprobability.efd'
gamedata: 'ai\alife\enemyretreatprobability.efd'
gamedata: 'ai\alife\terraintype.efd'
gamedata: 'ai\alife\weaponattacktimes.efd'
gamedata: 'ai\alife\weaponsuccessprobability.efd'
gamedata: 'ai\common\accweaponeffectiveness.efd'
gamedata: 'ai\common\creatureeffectiveness.efd'
gamedata: 'ai\common\entitycost.efd'
gamedata: 'ai\common\equipmentvalue.efd'
gamedata: 'ai\common\expediency.efd'
gamedata: 'ai\common\fincreatureeffectiveness.efd'
gamedata: 'ai\common\intcreatureeffectiveness.efd'
gamedata: 'ai\common\mainweaponvalue.efd'
gamedata: 'ai\common\smallweaponvalue.efd'
gamedata: 'ai\common\surgedeathprobability.efd'
gamedata: 'ai\common\victoryprobability.efd'
gamedata: 'ai\common\weaponeffectiveness.efd'
gamedata: 'anims\acidic.ppe'
gamedata: 'anims\acidic_mine.ppe'
gamedata: 'anims\actor_death.ppe'
gamedata: 'anims\agr_u_fade.ppe'
gamedata: 'anims\alcohol.ppe'
gamedata: 'anims\amk_shoot.ppe'
gamedata: 'anims\arena.anm'
gamedata: 'anims\artefact_tc_electric_ball_cam.anm'
gamedata: 'anims\artefact_test_fireball_1_cam.anm'
gamedata: 'anims\artefact_test_fireball_2_cam.anm'
gamedata: 'anims\artefact_test_fireball_3_cam.anm'
gamedata: 'anims\benchmarks\marsh_benchmark.anm'
gamedata: 'anims\black.ppe'
gamedata: 'anims\black_infinite.ppe'
gamedata: 'anims\black_infinite_2.ppe'
gamedata: 'anims\blink.ppe'
gamedata: 'anims\bloody.ppe'
gamedata: 'anims\blur.ppe'
gamedata: 'anims\brighten.ppe'
gamedata: 'anims\camera_effects\actor_move\down.anm'
gamedata: 'anims\camera_effects\actor_move\fejk.anm'
gamedata: 'anims\camera_effects\actor_move\go_back.anm'
gamedata: 'anims\camera_effects\actor_move\go_front.anm'
gamedata: 'anims\camera_effects\actor_move\jump.anm'
gamedata: 'anims\camera_effects\actor_move\strafe_left.anm'
gamedata: 'anims\camera_effects\actor_move\strafe_right.anm'
gamedata: 'anims\camera_effects\arena.anm'
gamedata: 'anims\camera_effects\dream.anm'
gamedata: 'anims\camera_effects\drunk.anm'
gamedata: 'anims\camera_effects\earthquake.anm'
gamedata: 'anims\camera_effects\earthquake_00.anm'
gamedata: 'anims\camera_effects\earthquake_1.anm'
gamedata: 'anims\camera_effects\earthquake_100.anm'
gamedata: 'anims\camera_effects\earthquake_2.anm'
gamedata: 'anims\camera_effects\earthquake_20.anm'
gamedata: 'anims\camera_effects\earthquake_40.anm'
gamedata: 'anims\camera_effects\earthquake_60.anm'
gamedata: 'anims\camera_effects\earthquake_80.anm'
gamedata: 'anims\camera_effects\empty.anm'
gamedata: 'anims\camera_effects\fatigue.anm'
gamedata: 'anims\camera_effects\fireball.anm'
gamedata: 'anims\camera_effects\fusker.anm'
gamedata: 'anims\camera_effects\gasmask\gasmask.anm'
gamedata: 'anims\camera_effects\head_shot.anm'
gamedata: 'anims\camera_effects\headlamp\headlamp.anm'
gamedata: 'anims\camera_effects\headlamp\rifle_headlamp.anm'
gamedata: 'anims\camera_effects\hit_back.anm'
gamedata: 'anims\camera_effects\hit_back_left.anm'
gamedata: 'anims\camera_effects\hit_back_right.anm'
gamedata: 'anims\camera_effects\hit_front.anm'
gamedata: 'anims\camera_effects\hit_front_left.anm'
gamedata: 'anims\camera_effects\hit_front_right.anm'
gamedata: 'anims\camera_effects\hit_left.anm'
gamedata: 'anims\camera_effects\hit_right.anm'
gamedata: 'anims\camera_effects\item_use.anm'
gamedata: 'anims\camera_effects\item_use_fast.anm'
gamedata: 'anims\camera_effects\item_use_slow.anm'
gamedata: 'anims\camera_effects\oso_cam.anm'
gamedata: 'anims\camera_effects\pripyat_horror.anm'
gamedata: 'anims\camera_effects\pripyat_horror1.anm'
gamedata: 'anims\camera_effects\prison_1.anm'
gamedata: 'anims\camera_effects\radar_stop.anm'
gamedata: 'anims\camera_effects\scenario_cam\agraprom_underground\fire_camera.anm'
gamedata: 'anims\camera_effects\scenario_cam\jupiter\jup_a9_actor_conservation_info_cam.anm'
gamedata: 'anims\camera_effects\scenario_cam\jupiter\jup_a9_actor_power_info_cam.anm'
gamedata: 'anims\camera_effects\scenario_cam\jupiter\jup_a9_actor_way_info_cam.anm'
gamedata: 'anims\camera_effects\scenario_cam\jupiter\jup_b15_sleep.anm'
gamedata: 'anims\camera_effects\scenario_cam\jupiter\jup_b15_wake_up.anm'
gamedata: 'anims\camera_effects\scenario_cam\jupiter\jup_b19_waiting_for_mercs.anm'
gamedata: 'anims\camera_effects\scenario_cam\jupiter\jup_b1_fireball_cam.anm'
gamedata: 'anims\camera_effects\scenario_cam\jupiter\jup_b213.anm'
gamedata: 'anims\camera_effects\scenario_cam\jupiter\jup_b217_camera_effector.anm'
gamedata: 'anims\camera_effects\scenario_cam\jupiter\jup_b217_welcome_cameff.anm'
gamedata: 'anims\camera_effects\scenario_cam\jupiter\jup_b219_cam_1.anm'
gamedata: 'anims\camera_effects\scenario_cam\jupiter\jup_b219_cam_10.anm'
gamedata: 'anims\camera_effects\scenario_cam\jupiter\jup_b219_cam_2.anm'
gamedata: ... 48107 more ...
Initializing Engine...
Starting INPUT device...
Loading DLL: xrRender_R4.dll
Available render modes[1]:
[renderer_r4]
command line "d:\games\gamma\anomaly\bin\anomalydx11avx.exe" -smap2048 -dbg 
Executing config-script "user.ltx"...
[d:/games/gamma/anomaly/bin/..\appdata\user.ltx] successfully loaded.
Loading DLL: xrRender_R4.dll
Loading DLL: xrGame.dll
* [x-ray]: Full Memory Stats
* [win32]: free[137434194824 K], reserved[4429436 K], committed[329148 K]
* [ D3D ]: textures[0 K]
* [x-ray]: process heap[65948 K]
* [x-ray]: shared strings: memory[57308 K], count[41272]
* [x-ray]: shared memory: memory[0 K]
SOUND: OpenAL: enumerate devices...
SOUND: OpenAL: system  default SndDevice name is Default Device
SOUND: OpenAL: All available devices:
1. Default Device, Spec Version 1.1, EFX Spec Version 1.0
2. Realtek(R, Spec Version 1.1, EFX Spec Version 1.0
3. Realtek(R, Spec Version 1.1, EFX Spec Version 1.0
4. Voice Changer Virtual Audio Device (WDM, Spec Version 1.1, EFX Spec Version 1.0
5. NVIDIA High Definition Audio, Spec Version 1.1, EFX Spec Version 1.0
Executing config-script "d:/games/gamma/anomaly/bin/..\gamedata\configs\default_controls.ltx"...
[d:/games/gamma/anomaly/bin/..\gamedata\configs\default_controls.ltx] successfully loaded.
Executing config-script "user.ltx"...
Executing config-script "d:/games/gamma/anomaly/bin/..\gamedata\configs\rspec_default.ltx"...
[d:/games/gamma/anomaly/bin/..\gamedata\configs\rspec_default.ltx] successfully loaded.
Executing config-script "d:/games/gamma/anomaly/bin/..\gamedata\configs\default_controls.ltx"...
[d:/games/gamma/anomaly/bin/..\gamedata\configs\default_controls.ltx] successfully loaded.
[d:/games/gamma/anomaly/bin/..\appdata\user.ltx] successfully loaded.
SOUND: Selected device is Default Device
SOUND: OpenAL: EFX disabled
* sound : cache: 524296 kb, 38848 lines, 13820 bpl
Starting RENDER device...
* GPU [vendor:10DE]-[device:24DC]: NVIDIA GeForce RTX 3080 Laptop GPU
* CREATE: DeviceREF: 3
*     Texture memory: 16177 M
* GPU shading: vs(0/4.0/40), ps(0/4.0/40)
* GPU vertex cache: unrecognized, 24
* NVidia MGPU: Logical(1), Physical(1)
* Starting rendering as 2-GPU.
* DVB created: 4096K
* DIB created: 512K
* HWDST/PCF supported and used
* Managed textures enabled
- Supports SSS UPDATE 23
- SSS CORE INSTALLED 0
- SSS HUD SHADER INSTALLED 0
- SSS MOTION VECTORS SHADER INSTALLED 0
- SSS RAIN SHADER INSTALLED 0
- SSS BLOOD SHADER INSTALLED 0
- SSS BRANCHES SHADER INSTALLED 0
- SSS SSR SHADER INSTALLED 0
- SSS TERRAIN SHADER INSTALLED 0
- SSS VOLUMETRIC SHADER INSTALLED 0
- SSS WATER SHADER INSTALLED 0
- SSS AO SHADER INSTALLED 0
- SSS IL SHADER INSTALLED 0
- SSS SSS SHADER INSTALLED 0
- SSS BLOOM SHADER INSTALLED 0
- SSS FOG SHADER INSTALLED 0
- SSS GLASS SHADER INSTALLED 0
- SSS MOTION BLUR SHADER INSTALLED 0
- SSS TAA SHADER INSTALLED 0
DX10: d:/games/gamma/anomaly/bin/..\gamedata\shaders\r3\heatvision.ps is missing. Replace with stub_default.ps
DX10: d:/games/gamma/anomaly/bin/..\gamedata\shaders\r3\ssfx_fog_scattering.ps is missing. Replace with stub_default.ps
DX10: d:/games/gamma/anomaly/bin/..\gamedata\shaders\r3\ssfx_fog_scattering_blur.ps is missing. Replace with stub_default.ps
DX10: d:/games/gamma/anomaly/bin/..\gamedata\shaders\r3\ssfx_motion_blur.ps is missing. Replace with stub_default.ps
DX10: d:/games/gamma/anomaly/bin/..\gamedata\shaders\r3\ssfx_taa_prepare.ps is missing. Replace with stub_default.ps
DX10: d:/games/gamma/anomaly/bin/..\gamedata\shaders\r3\ssfx_taa.ps is missing. Replace with stub_default.ps
DX10: d:/games/gamma/anomaly/bin/..\gamedata\shaders\r3\ssfx_taa_sharp.ps is missing. Replace with stub_default.ps
DX10: d:/games/gamma/anomaly/bin/..\gamedata\shaders\r3\ssfx_rain.ps is missing. Replace with stub_default.ps
DX10: d:/games/gamma/anomaly/bin/..\gamedata\shaders\r3\ssfx_bloom.ps is missing. Replace with stub_default.ps
DX10: d:/games/gamma/anomaly/bin/..\gamedata\shaders\r3\ssfx_bloom_combine.ps is missing. Replace with stub_default.ps
DX10: d:/games/gamma/anomaly/bin/..\gamedata\shaders\r3\ssfx_bloom_flares.ps is missing. Replace with stub_default.ps
DX10: d:/games/gamma/anomaly/bin/..\gamedata\shaders\r3\ssfx_bloom_upsample.ps is missing. Replace with stub_default.ps
DX10: d:/games/gamma/anomaly/bin/..\gamedata\shaders\r3\ssfx_bloom_downsample.ps is missing. Replace with stub_default.ps
DX10: d:/games/gamma/anomaly/bin/..\gamedata\shaders\r3\ssfx_sss_ext.ps is missing. Replace with stub_default.ps
DX10: d:/games/gamma/anomaly/bin/..\gamedata\shaders\r3\ssfx_sss_ext_combine.ps is missing. Replace with stub_default.ps
DX10: d:/games/gamma/anomaly/bin/..\gamedata\shaders\r3\ssfx_sss.ps is missing. Replace with stub_default.ps
DX10: d:/games/gamma/anomaly/bin/..\gamedata\shaders\r3\ssfx_sss_blur.ps is missing. Replace with stub_default.ps
DX10: d:/games/gamma/anomaly/bin/..\gamedata\shaders\r3\ssfx_ssr.ps is missing. Replace with stub_default.ps
DX10: d:/games/gamma/anomaly/bin/..\gamedata\shaders\r3\ssfx_ssr_blur.ps is missing. Replace with stub_default.ps
DX10: d:/games/gamma/anomaly/bin/..\gamedata\shaders\r3\ssfx_ssr_combine.ps is missing. Replace with stub_default.ps
DX10: d:/games/gamma/anomaly/bin/..\gamedata\shaders\r3\ssfx_ssr_noblur.ps is missing. Replace with stub_default.ps
DX10: d:/games/gamma/anomaly/bin/..\gamedata\shaders\r3\ssfx_ssr_gloss.ps is missing. Replace with stub_default.ps
DX10: d:/games/gamma/anomaly/bin/..\gamedata\shaders\r3\ssfx_volumetric_blur.ps is missing. Replace with stub_default.ps
DX10: d:/games/gamma/anomaly/bin/..\gamedata\shaders\r3\ssfx_volumetric_combine.ps is missing. Replace with stub_default.ps
DX10: Shader 'ssfx_water_ssr' not found in library.
DX10: Shader 'ssfx_water' not found in library.
DX10: d:/games/gamma/anomaly/bin/..\gamedata\shaders\r3\ssfx_water_blur.ps is missing. Replace with stub_default.ps
DX10: d:/games/gamma/anomaly/bin/..\gamedata\shaders\r3\ssfx_water_noblur.ps is missing. Replace with stub_default.ps
DX10: d:/games/gamma/anomaly/bin/..\gamedata\shaders\r3\ssfx_water_waves.ps is missing. Replace with stub_default.ps
DX10: d:/games/gamma/anomaly/bin/..\gamedata\shaders\r3\ssfx_ao.ps is missing. Replace with stub_default.ps
DX10: d:/games/gamma/anomaly/bin/..\gamedata\shaders\r3\ssfx_ao_blur.ps is missing. Replace with stub_default.ps
DX10: d:/games/gamma/anomaly/bin/..\gamedata\shaders\r3\ssfx_il.ps is missing. Replace with stub_default.ps
DX10: d:/games/gamma/anomaly/bin/..\gamedata\shaders\r3\ssfx_il_blur.ps is missing. Replace with stub_default.ps
* loading script _G.script
opening file d:/games/gamma/anomaly/bin/..\gamedata\configs\unlocalizers\npcd.ltx
creating unlocalizer for script txr_paid_companions
adding variable dialog_squad for unlocalizer for script txr_paid_companions
opening file d:/games/gamma/anomaly/bin/..\gamedata\configs\unlocalizers\npe.ltx
creating unlocalizer for script item_radio
adding variable logprefix for unlocalizer for script item_radio
adding variable snd_beep for unlocalizer for script item_radio
adding variable snd_emission for unlocalizer for script item_radio
adding variable snd_noise for unlocalizer for script item_radio
adding variable snd_off for unlocalizer for script item_radio
adding variable snd_on for unlocalizer for script item_radio
adding variable snd_random for unlocalizer for script item_radio
adding variable snd_silence for unlocalizer for script item_radio
adding variable snd_talk for unlocalizer for script item_radio
adding variable snd_white_noise for unlocalizer for script item_radio
opening file d:/games/gamma/anomaly/bin/..\gamedata\configs\unlocalizers\unlocalizer_modded_exes_axr_trade_manager.ltx
creating unlocalizer for script axr_trade_manager
adding variable ini for unlocalizer for script axr_trade_manager
adding variable max_upgrades_per_visit for unlocalizer for script axr_trade_manager
adding variable picked_set for unlocalizer for script axr_trade_manager
adding variable picked_unchecked for unlocalizer for script axr_trade_manager
opening file d:/games/gamma/anomaly/bin/..\gamedata\configs\unlocalizers\unlocalizer_modded_exes_global.ltx
creating unlocalizer for script _g
adding variable ini_cache for unlocalizer for script _g
opening file d:/games/gamma/anomaly/bin/..\gamedata\configs\unlocalizers\unlocalizer_modded_exes_item_device_script_fixes.ltx
creating unlocalizer for script item_device
adding variable on_anomaly_touch for unlocalizer for script item_device
opening file d:/games/gamma/anomaly/bin/..\gamedata\configs\unlocalizers\unlocalizer_modded_exes_item_weapon.ltx
creating unlocalizer for script item_weapon
adding variable scopes_table for unlocalizer for script item_weapon
opening file d:/games/gamma/anomaly/bin/..\gamedata\configs\unlocalizers\unlocalizer_modded_exes_pda.ltx
creating unlocalizer for script pda
adding variable map_spot_property for unlocalizer for script pda
opening file d:/games/gamma/anomaly/bin/..\gamedata\configs\unlocalizers\unlocalizer_modded_exes_utils_item.ltx
creating unlocalizer for script utils_item
adding variable scopes_list for unlocalizer for script utils_item
opening file d:/games/gamma/anomaly/bin/..\gamedata\configs\unlocalizers\unlocalizer_modded_exes_xrs_facer_script_fixes.ltx
creating unlocalizer for script xrs_facer
adding variable Enabled for unlocalizer for script xrs_facer
adding variable facer_sets for unlocalizer for script xrs_facer
opening file d:/games/gamma/anomaly/bin/..\gamedata\configs\unlocalizers\unlocalizer_test.ltx
creating unlocalizer for script actor_effects
adding variable RENDERER for unlocalizer for script actor_effects
adding variable STATIC_LIGHT for unlocalizer for script actor_effects
opening file d:/games/gamma/anomaly/bin/..\gamedata\configs\unlocalizers\unlocalizer_ui_options.ltx
creating unlocalizer for script ui_options
adding variable opt_temp for unlocalizer for script ui_options
found script _G in unlocalizers data
found variable ini_cache to unlocal
* loading script class_registrator.script
* loading script ui_main_menu.script
* loading script smart_terrain.script
* loading script se_level_changer.script
* loading script se_actor.script
* loading script se_stalker.script
* loading script se_heli.script
* loading script se_zones.script
* loading script se_item.script
* loading script se_smart_cover.script
* loading script se_car.script
* loading script se_artefact.script
* loading script se_monster.script
* loading script sim_squad_scripted.script
* loading script ui_options.script
found script ui_options in unlocalizers data
found variable opt_temp to unlocal
* loading script utils_xml.script
* loading script axr_main.script
* loading script game_registrator.script
* loading script class_registrator_modded_exes.script
* loading script _g_patches.script
* loading script dxml_core.script
[Modded Exes] init gathering modxml_... scripts
* loading script modxml_inject_keybinds.script
[Modded Exes] gathering modxml_inject_keybinds.script
* loading script modxml_mcm_rus.script
[Modded Exes] gathering modxml_mcm_rus.script
* loading script modxml_npcd_dialogs.script
* loading script npcd_utils.script
[Modded Exes] gathering modxml_npcd_dialogs.script
* loading script modxml_npcd_pda.script
[Modded Exes] gathering modxml_npcd_pda.script
* loading script modxml_test.script
[Modded Exes] gathering modxml_test.script
* loading script ui_options_modded_exes.script
* loading script options_modded_exes.script
* loading script options_modded_exes_visual.script
* loading script options_modded_exes_ui_hud.script
* loading script options_builder.script
* loading script options_modded_exes_crosshair.script
* loading script options_modded_exes_hdr10.script
* loading script options_modded_exes_3d_scopes.script
* loading script options_modded_exes_particles.script
* loading script options_modded_exes_wallmarks.script
* loading script options_modded_exes_sound.script
* loading script options_modded_exes_doppler.script
* loading script options_modded_exes_sound_delay.script
* loading script options_modded_exes_control.script
* loading script options_modded_exes_keyboard.script
* loading script options_modded_exes_mouse.script
* loading script options_modded_exes_camera.script
* loading script options_modded_exes_pda.script
* loading script options_modded_exes_gameplay.script
* loading script options_modded_exes_gameplay_general.script
* loading script options_modded_exes_aim.script
* loading script options_modded_exes_3d_ballistics.script
* loading script options_modded_exes_weapons.script
* loading script options_modded_exes_first_person_death.script
* loading script options_modded_exes_stalkers.script
* loading script options_modded_exes_monsters.script
* loading script options_modded_exes_saves.script
* loading script options_modded_exes_crash_saves.script
* loading script options_modded_exes_debug.script
* loading script options_modded_exes_logging.script
* loading script options_modded_exes_errors.script
* loading script options_modded_exes_optimizations.script
* loading script slaxml.script
DX10: d:/games/gamma/anomaly/bin/..\gamedata\shaders\r3\ssfx_sky_mv.ps is missing. Replace with stub_default.ps
DX10: d:/games/gamma/anomaly/bin/..\gamedata\shaders\r3\ssfx_sky_mv.vs is missing. Replace with stub_default.vs
[Discord RPC] Created successfully!
[ReShade]: ReShade not installed or version too old - didn't load compatibility addon
* [x-ray]: Starting Main Loop
Starting engine...
-[NPCD][Main] Build perk background dialog
-[NPCD][Main] found paid_companion_dialog text element
-[NPCD][Main] overriding paid_companion_dialog text
intro_start intro_logo
intro_delete ::update_logo_intro
* loading script ui_mcm.script
* loading script dph_mcm_save_storage.script
MCM options reset.
MCM Session ID:294
* loading script a_npcd_setup_mcm.script
$[NPCD] START Callbacks configuration
* loading script npcd_actionbar_mcm.script
* loading script npcd.script
* loading script npcd_logging_mcm.script
* loading script npcd_mcm.script
* loading script npcd_npcs_mcm.script
* loading script npe_logging_mcm.script
* loading script npe_mcm.script
* loading script npe_welcome_mcm.script
* loading script npe.script
* loading script spotters_mcm.script
* loading script npcd_actionbar.script
* loading script npcd_manager.script
perk menu perk_sportshooter
perk menu perk_cybereye
perk menu perk_deadeye
perk menu perk_spotter
perk menu perk_teamcom
perk menu perk_rifleman
path:npcd_module/spotters/perk_spotter/feat_callmark_activation_key_keybind, key:47, old:nil
set conflict ck:47 con:false
path:npcd_module/spotters/perk_teamcom/feat_reporting_activation_key_keybind, key:48, old:nil
set conflict ck:48 con:false
* loading script xrs_dyn_music.script
exec_console_cmd snd_volume_music 0
* loading script xrs_debug_tools.script
* loading script debug_cmd_list.script
* loading script db.script
* loading script actor_proxy.script
* loading script axr_keybind.script
* [x-ray]: Full Memory Stats
* [win32]: free[137432082268 K], reserved[4348412 K], committed[2522728 K]
* [ D3D ]: textures[64 K]
* [x-ray]: process heap[746652 K]
* [x-ray]: shared strings: memory[58664 K], count[104442]
* [x-ray]: shared memory: memory[0 K]
exec_console_cmd main_menu off
exec_console_cmd start server(squad/single/alife/load) client(localhost)
*  0.0 : [   5] $null
*  0.0 : [   3] $user$accum
*  0.0 : [   1] $user$accum_temp
*  0.0 : [   7] $user$albedo
*  0.0 : [   5] $user$bloom1
*  0.0 : [   2] $user$bloom2
*  0.0 : [   3] $user$blur_2
*  0.0 : [   1] $user$blur_4
*  0.0 : [   1] $user$blur_8
*  0.0 : [   2] $user$blur_h_2
*  0.0 : [   2] $user$blur_h_4
*  0.0 : [   2] $user$blur_h_8
*  0.0 : [   3] $user$cmap0
*  0.0 : [   3] $user$cmap1
*  0.0 : [   2] $user$dof
*  0.0 : [   2] $user$env_s0
*  0.0 : [   2] $user$env_s1
*  0.0 : [   5] $user$generic
*  0.0 : [  14] $user$generic0
*  0.0 : [   1] $user$generic0_r
*  0.0 : [   4] $user$generic1
*  0.0 : [   2] $user$generic1_r
*  0.0 : [   2] $user$generic2
*  0.0 : [   1] $user$generic_temp
*  0.0 : [   2] $user$hdr10_halfres0
*  0.0 : [   2] $user$hdr10_halfres1
*  0.0 : [   1] $user$heat
*  0.0 : [   3] $user$jitter_0
*  0.0 : [   2] $user$jitter_1
*  0.0 : [   1] $user$jitter_2
*  0.0 : [   1] $user$jitter_3
*  0.0 : [   1] $user$jitter_4
*  0.0 : [   1] $user$jitter_mipped
*  0.0 : [   2] $user$lum_t64
*  0.0 : [   3] $user$lum_t8
*  0.0 : [   1] $user$luminance_0
*  0.0 : [   1] $user$luminance_1
*  0.0 : [   1] $user$luminance_2
*  0.0 : [   1] $user$luminance_3
*  0.0 : [   9] $user$material
*  0.0 : [   1] $user$msaadepth
*  0.0 : [  17] $user$position
*  0.0 : [   1] $user$pp_bloom
*  0.0 : [   2] $user$scopeRT
*  0.0 : [   1] $user$sky0
*  0.0 : [   1] $user$sky1
*  0.0 : [   2] $user$smaa_blendtex
*  0.0 : [   2] $user$smaa_edgetex
*  0.0 : [   8] $user$smap_depth
*  0.0 : [   1] $user$smap_surf
*  0.0 : [   1] $user$ssfx
*  0.0 : [   1] $user$ssfx_accum
*  0.0 : [   1] $user$ssfx_ao
*  0.0 : [   1] $user$ssfx_il
*  0.0 : [   1] $user$ssfx_motion_vectors
*  0.0 : [   1] $user$ssfx_prev_frame
*  0.0 : [   1] $user$ssfx_prev_p
*  0.0 : [   1] $user$ssfx_rain
*  0.0 : [   1] $user$ssfx_ssr
*  0.0 : [   1] $user$ssfx_taa
*  0.0 : [   1] $user$ssfx_temp
*  0.0 : [   1] $user$ssfx_temp2
*  0.0 : [   1] $user$ssfx_temp3
*  0.0 : [   1] $user$ssfx_volumetric
*  0.0 : [   1] $user$ssfx_volumetric_tmp
*  0.0 : [   1] $user$ssfx_water
*  0.0 : [   1] $user$ssfx_water_waves
*  0.0 : [   2] $user$sun_shafts0
*  0.0 : [   3] $user$sun_shafts1
*  0.0 : [   1] $user$temp_zb
*  0.0 : [   7] $user$tonemap
*  0.0 : [   2] $user$tonemap_src
*  0.0 : [   1] $user$ui
*  0.0 : [   1] $user$viewport2
*  0.0 : [   1] act\act_controller_hit1
*  0.0 : [   1] amik\anomaly\electric_radial
*  0.0 : [   1] amik\explosions\anim_dirtexp_3
*  0.0 : [   1] amik\explosions\boom_0
*  0.0 : [   1] amik\explosions\boom_1
*  0.0 : [   1] amik\explosions\boom_2
*  0.0 : [   1] amik\explosions\decal_concrete
*  0.0 : [   1] amik\explosions\explo_end
*  0.0 : [   1] amik\explosions\explosion_dynamite\explosion_din
*  0.0 : [   1] amik\explosions\explosion_dynamite\flashlight
*  0.0 : [   1] amik\explosions\explosion_dynamite\smoke
*  0.0 : [   1] amik\explosions\explosion_flash_atlas
*  0.0 : [   1] amik\explosions\explosion_fuelcan\boom_1
*  0.0 : [   1] amik\explosions\explosion_fuelcan\boom_3
*  0.0 : [   1] amik\explosions\explosion_fuelcan\grey_xpl
*  0.0 : [   1] amik\explosions\explosion_smoke03
*  0.0 : [   1] amik\explosions\final_expl
*  0.0 : [   1] amik\explosions\ring_grey
*  0.0 : [   1] amik\explosions\smoke128_3w
*  0.0 : [   1] amik\explosions\smoke2
*  0.0 : [   1] amik\explosions\smoke_cannon
*  0.0 : [   1] amik\explosions\smoke_white_tiled3
*  0.0 : [   1] amik\hit_fx\blood\962e6155
*  0.0 : [   1] amik\hit_fx\blood\blood
*  0.0 : [   1] amik\hit_fx\blood\m
*  0.0 : [   1] amik\hit_fx\water_splash\water_splash_anim
*  0.0 : [   1] amik\hit_fx\water_splash\water_spurt
*  0.0 : [   1] amik\nature\list
*  0.0 : [   1] amik\nature\stonedebris1
*  0.0 : [   1] amik\nature\wood_part
*  0.0 : [   1] amik\static\gas_light\flame_zippo
*  0.0 : [   1] amik\weapons\00
*  0.0 : [   1] amik\weapons\12x70
*  0.0 : [   1] amik\weapons\6ways1
*  0.0 : [   1] amik\weapons\6ways2
*  0.0 : [   1] amik\weapons\9x39
*  0.0 : [   1] amik\weapons\btr\muzzle6ways1
*  0.0 : [   1] amik\weapons\btr\muzzle6ways2
*  0.0 : [   1] amik\weapons\dtk_2
*  0.0 : [   1] amik\weapons\dtk_3
*  0.0 : [   1] amik\weapons\dtk_4
*  0.0 : [   1] amik\weapons\dtk_4_1
*  0.0 : [   1] amik\weapons\dtk_5
*  0.0 : [   1] amik\weapons\dtk_6
*  0.0 : [   1] amik\weapons\dtk_8
*  0.0 : [   1] amik\weapons\flame\flameshoot_1
*  0.0 : [   1] amik\weapons\flame\flameshoot_2
*  0.0 : [   1] amik\weapons\flame\flameshoot_3
*  0.0 : [   1] amik\weapons\flame\flameshoot_4
*  0.0 : [   1] amik\weapons\flame\flameshoot_5
*  0.0 : [   1] amik\weapons\flame\mg42out
*  0.0 : [   1] amik\weapons\flame\trace
*  0.0 : [   1] amik\weapons\flame\trace_01
*  0.0 : [   1] amik\weapons\flame\trail
*  0.0 : [   1] amik\weapons\flash_01
*  0.0 : [   1] amik\weapons\flash_02
*  0.0 : [   1] amik\weapons\flash_04
*  0.0 : [   1] amik\weapons\flash_05
*  0.0 : [   1] amik\weapons\grishik\357mag
*  0.0 : [   1] amik\weapons\grishik\45
*  0.0 : [   1] amik\weapons\grishik\50_ae
*  0.0 : [   1] amik\weapons\grishik\5x45x39
*  0.0 : [   1] amik\weapons\grishik\5x45x39_00
*  0.0 : [   1] amik\weapons\grishik\5x45x39_01
*  0.0 : [   1] amik\weapons\grishik\5x56x45
*  0.0 : [   1] amik\weapons\grishik\5x56x45_00
*  0.0 : [   1] amik\weapons\grishik\5x7x28
*  0.0 : [   1] amik\weapons\grishik\6x5x50
*  0.0 : [   1] amik\weapons\grishik\7x62x25_0
*  0.0 : [   1] amik\weapons\grishik\7x62x25_1
*  0.0 : [   1] amik\weapons\grishik\7x62x25_2
*  0.0 : [   1] amik\weapons\grishik\7x62x25_3
*  0.0 : [   1] amik\weapons\grishik\7x62x25_4
*  0.0 : [   1] amik\weapons\grishik\7x62x39_00
*  0.0 : [   1] amik\weapons\grishik\7x62x39_01
*  0.0 : [   1] amik\weapons\grishik\7x62x39_02
*  0.0 : [   1] amik\weapons\grishik\7x62x39_03
*  0.0 : [   1] amik\weapons\grishik\7x62x51_1
*  0.0 : [   1] amik\weapons\grishik\7x62x51_2
*  0.0 : [   1] amik\weapons\grishik\7x62x54
*  0.0 : [   1] amik\weapons\grishik\7x7x57
*  0.0 : [   1] amik\weapons\grishik\7x92x57
*  0.0 : [   1] amik\weapons\grishik\9x18_1
*  0.0 : [   1] amik\weapons\grishik\9x18_2
*  0.0 : [   1] amik\weapons\grishik\9x18_3
*  0.0 : [   1] amik\weapons\grishik\9x39
*  0.0 : [   1] amik\weapons\mg42out
*  0.0 : [   1] amik\weapons\shells_12x70
*  0.0 : [   1] amik\weapons\shells_ak
*  0.0 : [   1] amik\weapons\shells_ak_01
*  0.0 : [   1] amik\weapons\smokeshoot_0
*  0.0 : [   1] amik\weapons\smokeshoot_1
*  0.0 : [   1] amik\weapons\trace
*  0.0 : [   1] amik\weapons\trace_01
*  0.0 : [   1] fozest\fire_spark_04
*  0.0 : [   1] fozest\small_fire_looped10x4
*  0.0 : [   1] fozest\small_fire_looped10x4_dist
*  0.0 : [   1] fozest\smoke02
*  0.0 : [   1] fx\fx_flare1
*  0.0 : [   1] fx\fx_gradien2
*  0.0 : [   1] fx\fx_gradient
*  0.0 : [   1] fx\fx_gradient1
*  0.0 : [   1] fx\fx_gradient_02
*  0.0 : [   1] fx\fx_lightning
*  0.0 : [   1] fx\fx_moon
*  0.0 : [   1] fx\fx_moon_full_clear
*  0.0 : [   1] fx\fx_moon_full_cloudy
*  0.0 : [   1] fx\fx_moon_full_verycloudy
*  0.0 : [   2] fx\fx_noise
*  0.0 : [   4] fx\fx_noise2
*  0.0 : [   1] fx\fx_rain
*  0.0 : [   1] fx\fx_rainsplash1
*  0.0 : [   1] fx\fx_sun
*  0.0 : [   1] fx\fx_sun2
*  0.0 : [   1] fx\fx_sun_cloudy_dark
*  0.0 : [   1] fx\fx_sun_fog
*  0.0 : [   1] fx\fx_sun_fog3
*  0.0 : [   1] fx\fx_sun_fog4
*  0.0 : [   1] fx\fx_sun_fog4_sun
*  0.0 : [   1] fx\fx_sun_gradient
*  0.0 : [   1] fx\fx_sun_gradient_day_clear
*  0.0 : [   1] fx\fx_sun_halo
*  0.0 : [   1] fx\fx_sun_morning
*  0.0 : [   1] fx\fx_sun_rise
*  0.0 : [   1] fx\fx_sunset
*  0.0 : [   1] fx\fx_thunderbolts_gradient
*  0.0 : [   1] fx\fx_thunderbolts_gradient_surge
*  0.0 : [   1] fx\fx_volumefog1
*  0.0 : [   1] ghost_particles\dist\distortion_default
*  0.0 : [   1] ghost_particles\eft_style\eft_flame
*  0.0 : [   1] ghost_particles\eft_style\empty
*  0.0 : [   1] ghost_particles\eft_style\f4_sparks
*  0.0 : [   1] ghost_particles\eft_style\smoke01
*  0.0 : [   1] ghost_particles\eft_style\smoke02
*  0.0 : [   1] ghost_particles\glow\glow01
*  0.0 : [   1] ghost_particles\shells\r_pop\12ga
*  0.0 : [   1] ghost_particles\shells\r_pop\545x39
*  0.0 : [   1] ghost_particles\shells\r_pop\9x19
*  0.0 : [   1] ghost_particles\shells\r_pop\9x39
*  0.0 : [   1] ghost_particles\shells\shell_762x39
*  0.0 : [   1] ghost_particles\shells\shell_9x18
*  0.0 : [   1] ghost_particles\smoke\generic_smoke_white_00
*  0.0 : [   1] ghost_particles\smoke\smoke_loop_5x5
*  0.0 : [   1] glow\glow_04
*  0.0 : [   1] glow\glow_blue
*  0.0 : [   1] glow\glow_fire1
*  0.0 : [   1] glow\glow_fire1_soc
*  0.0 : [   1] glow\glow_orange
*  0.0 : [   1] glow\glow_orange2
*  0.0 : [   1] glow\glow_orange_bright
*  0.0 : [   1] glow\glow_rays
*  0.0 : [   1] glow\glow_white
*  0.0 : [   1] glow\glow_yellow
*  0.0 : [   3] lights\lights_spot01
*  0.0 : [   1] new_pfx\explosions\eplosion04_dxt5
*  0.0 : [   1] new_pfx\smoke_animated_2
*  0.0 : [   1] new_pfx\wblood_4
*  0.0 : [   1] new_pfx\wblood_6
*  0.0 : [   1] pfx\gunparts
*  0.0 : [   1] pfx\pfx_ani-explosion-02
*  0.0 : [   1] pfx\pfx_ani-explosion-02-b-a
*  0.0 : [   1] pfx\pfx_ani-explosion-02a
*  0.0 : [   1] pfx\pfx_ani-fire01
*  0.0 : [   1] pfx\pfx_ani-smoke-01
*  0.0 : [   1] pfx\pfx_anomaly_1
*  0.0 : [   1] pfx\pfx_anomaly_16
*  0.0 : [   1] pfx\pfx_anomaly_17
*  0.0 : [   1] pfx\pfx_anomaly_18
*  0.0 : [   1] pfx\pfx_anomaly_19
*  0.0 : [   1] pfx\pfx_anomaly_2
*  0.0 : [   1] pfx\pfx_anomaly_21
*  0.0 : [   1] pfx\pfx_anomaly_23
*  0.0 : [   1] pfx\pfx_anomaly_2_green
*  0.0 : [   1] pfx\pfx_anomaly_3
*  0.0 : [   1] pfx\pfx_anomaly_4
*  0.0 : [   1] pfx\pfx_anomaly_5
*  0.0 : [   1] pfx\pfx_anomaly_6
*  0.0 : [   1] pfx\pfx_anomaly_7
*  0.0 : [   1] pfx\pfx_anomaly_8
*  0.0 : [   1] pfx\pfx_anomaly_88
*  0.0 : [   1] pfx\pfx_anomaly_9
*  0.0 : [   1] pfx\pfx_bloodsplash1
*  0.0 : [   1] pfx\pfx_bloodsplash2
*  0.0 : [   1] pfx\pfx_blurry_cloud
*  0.0 : [   1] pfx\pfx_brick
*  0.0 : [   1] pfx\pfx_bubble
*  0.0 : [   1] pfx\pfx_bubble_1
*  0.0 : [   1] pfx\pfx_bubble_water
*  0.0 : [   1] pfx\pfx_cc_lighting_grad2
*  0.0 : [   1] pfx\pfx_cc_lightings
*  0.0 : [   1] pfx\pfx_concretedebris_01
*  0.0 : [   1] pfx\pfx_concretepuffs_01
*  0.0 : [   1] pfx\pfx_dist2
*  0.0 : [   1] pfx\pfx_dist2inv
*  0.0 : [   1] pfx\pfx_dist3
*  0.0 : [   1] pfx\pfx_dist4
*  0.0 : [   1] pfx\pfx_dist8
*  0.0 : [   1] pfx\pfx_dist9
*  0.0 : [   1] pfx\pfx_dist_lens_base
*  0.0 : [   1] pfx\pfx_dist_teleport
*  0.0 : [   1] pfx\pfx_distort_anomaly
*  0.0 : [   1] pfx\pfx_distortion
*  0.0 : [   1] pfx\pfx_electrostatic
*  0.0 : [   1] pfx\pfx_expl_01
*  0.0 : [   1] pfx\pfx_explotions_2
*  0.0 : [   1] pfx\pfx_explotions_3
*  0.0 : [   1] pfx\pfx_explotions_4
*  0.0 : [   1] pfx\pfx_explotions_smoke
*  0.0 : [   1] pfx\pfx_explotions_smoke_benzine
*  0.0 : [   1] pfx\pfx_flame
*  0.0 : [   1] pfx\pfx_flame_01
*  0.0 : [   1] pfx\pfx_flamefx_01
*  0.0 : [   1] pfx\pfx_flash_01
*  0.0 : [   1] pfx\pfx_flash_02
*  0.0 : [   1] pfx\pfx_flash_05
*  0.0 : [   1] pfx\pfx_flash_07
*  0.0 : [   1] pfx\pfx_flash_08
*  0.0 : [   1] pfx\pfx_g-smoke-01
*  0.0 : [   1] pfx\pfx_gologramma
*  0.0 : [   1] pfx\pfx_gradient
*  0.0 : [   1] pfx\pfx_gradient1
*  0.0 : [   1] pfx\pfx_leaves_01
*  0.0 : [   1] pfx\pfx_leaves_02
*  0.0 : [   1] pfx\pfx_light
*  0.0 : [   1] pfx\pfx_light1
*  0.0 : [   1] pfx\pfx_light3
*  0.0 : [   1] pfx\pfx_light4
*  0.0 : [   1] pfx\pfx_lighting_stancia_01
*  0.0 : [   1] pfx\pfx_lighting_stancia_02
*  0.0 : [   1] pfx\pfx_lightning_01
*  0.0 : [   1] pfx\pfx_lightning_02
*  0.0 : [   1] pfx\pfx_ligth_6
*  0.0 : [   1] pfx\pfx_plasma
*  0.0 : [   1] pfx\pfx_rain
*  0.0 : [   1] pfx\pfx_rez_electra2
*  0.0 : [   1] pfx\pfx_rez_electra3
*  0.0 : [   1] pfx\pfx_shells1
*  0.0 : [   1] pfx\pfx_shells2
*  0.0 : [   1] pfx\pfx_shells_green
*  0.0 : [   1] pfx\pfx_shells_pisto1
*  0.0 : [   1] pfx\pfx_shells_pistol
*  0.0 : [   1] pfx\pfx_skinsplash1
*  0.0 : [   1] pfx\pfx_smoke_a
*  0.0 : [   1] pfx\pfx_smoke_b
*  0.0 : [   1] pfx\pfx_smoke_c
*  0.0 : [   1] pfx\pfx_smoke_f
*  0.0 : [   1] pfx\pfx_smoke_g
*  0.0 : [   1] pfx\pfx_smoke_n
*  0.0 : [   1] pfx\pfx_smoke_o
*  0.0 : [   1] pfx\pfx_smoke_o2
*  0.0 : [   1] pfx\pfx_smoke_o3
*  0.0 : [   1] pfx\pfx_smoke_p
*  0.0 : [   1] pfx\pfx_smokepuffs1
*  0.0 : [   1] pfx\pfx_smokepuffs2
*  0.0 : [   1] pfx\pfx_spark_01
*  0.0 : [   1] pfx\pfx_spark_02
*  0.0 : [   1] pfx\pfx_sparks
*  0.0 : [   1] pfx\pfx_sparks1
*  0.0 : [   1] pfx\pfx_sparks2
*  0.0 : [   1] pfx\pfx_specks
*  0.0 : [   1] pfx\pfx_specks_poison
*  0.0 : [   1] pfx\pfx_spikey_star
*  0.0 : [   1] pfx\pfx_splash3
*  0.0 : [   1] pfx\pfx_splash_01
*  0.0 : [   1] pfx\pfx_splash_02
*  0.0 : [   1] pfx\pfx_step_blood
*  0.0 : [   1] pfx\pfx_stonedebris1
*  0.0 : [   1] pfx\pfx_stonedebris2
*  0.0 : [   1] pfx\pfx_synus
*  0.0 : [   1] pfx\pfx_teleport
*  0.0 : [   1] pfx\pfx_test_textures
*  0.0 : [   1] pfx\pfx_vehglassdebris_01
*  0.0 : [   1] pfx\pfx_vehmetaldebris_01
*  0.0 : [   1] pfx\pfx_water_wave
*  0.0 : [   1] pfx\pfx_woodchips1
*  0.0 : [   1] pfx\pfx_woodchips3
*  0.0 : [   1] pfx\r_pop\shells\12ga
*  0.0 : [   1] pfx\r_pop\shells\45acp
*  0.0 : [   1] pfx\r_pop\shells\545x39
*  0.0 : [   1] pfx\r_pop\shells\556x45
*  0.0 : [   1] pfx\r_pop\shells\762x39
*  0.0 : [   1] pfx\r_pop\shells\762x51
*  0.0 : [   1] pfx\r_pop\shells\762x54
*  0.0 : [   1] pfx\r_pop\shells\9x18
*  0.0 : [   1] pfx\r_pop\shells\9x19
*  0.0 : [   1] pfx\r_pop\shells\9x39
*  0.0 : [   1] pfx\r_pop\shells\fake_shells
*  0.0 : [   1] pfx\snowo
*  0.0 : [   1] prop\prop_fake_bed_fireplace
*  0.0 : [   1] prop\prop_provod_02
*  0.0 : [   1] shaders\gasmasks\mask_nm_1
*  0.0 : [   1] shaders\gasmasks\mask_nm_10
*  0.0 : [   1] shaders\gasmasks\mask_nm_2
*  0.0 : [   1] shaders\gasmasks\mask_nm_3
*  0.0 : [   1] shaders\gasmasks\mask_nm_4
*  0.0 : [   1] shaders\gasmasks\mask_nm_5
*  0.0 : [   1] shaders\gasmasks\mask_nm_6
*  0.0 : [   1] shaders\gasmasks\mask_nm_7
*  0.0 : [   1] shaders\gasmasks\mask_nm_8
*  0.0 : [   1] shaders\gasmasks\mask_nm_9
*  0.0 : [   1] shaders\smaa\area_tex_dx11
*  0.0 : [   1] shaders\smaa\search_tex
*  0.0 : [   1] shoker_mod\explosions\explosion_smoke01
*  0.0 : [   1] shoker_mod\explosions\final_expl
*  0.0 : [   1] shoker_mod\explosions\firesmokeparticle
*  0.0 : [   1] shoker_mod\pfx\pfx_ak_shells_1
*  0.0 : [   1] shoker_mod\pfx\pfx_shells1
*  0.0 : [   1] shoker_mod\pfx\pfx_shells2
*  0.0 : [   1] shoker_mod\pfx\pfx_shells3
*  0.0 : [   1] shoker_mod\pfx\pfx_smoke_1
*  0.0 : [   5] sky\af1_foggy\06-00
*  0.0 : [   5] sky\af1_foggy\06-00#small
*  0.0 : [   8] sky\af1_foggy\08-00
*  0.0 : [   8] sky\af1_foggy\08-00#small
*  0.0 : [   1] sky\af1_foggy\09-00
*  0.0 : [   1] sky\af1_foggy\09-00#small
*  0.0 : [   1] sky\af1_foggy\11-00
*  0.0 : [   1] sky\af1_foggy\11-00#small
*  0.0 : [   6] sky\af1_foggy\13-00
*  0.0 : [   6] sky\af1_foggy\13-00#small
*  0.0 : [   6] sky\af3_a_clear\04-30
*  0.0 : [   6] sky\af3_a_clear\04-30#small
*  0.0 : [   8] sky\af3_a_clear\05-00
*  0.0 : [   8] sky\af3_a_clear\05-00#small
*  0.0 : [   2] sky\af3_a_clear\05-30
*  0.0 : [   2] sky\af3_a_clear\05-30#small
*  0.0 : [   7] sky\af3_a_clear\06-00
*  0.0 : [   7] sky\af3_a_clear\06-00#small
*  0.0 : [   5] sky\af3_a_clear\07-00
*  0.0 : [   5] sky\af3_a_clear\07-00#small
*  0.0 : [   5] sky\af3_a_clear\08-00
*  0.0 : [   5] sky\af3_a_clear\08-00#small
*  0.0 : [   5] sky\af3_a_clear\09-00
*  0.0 : [   5] sky\af3_a_clear\09-00#small
*  0.0 : [   5] sky\af3_a_clear\10-00
*  0.0 : [   5] sky\af3_a_clear\10-00#small
*  0.0 : [   5] sky\af3_a_clear\11-00
*  0.0 : [   5] sky\af3_a_clear\11-00#small
*  0.0 : [   5] sky\af3_a_clear\12-00
*  0.0 : [   5] sky\af3_a_clear\12-00#small
*  0.0 : [   5] sky\af3_a_clear\13-00
*  0.0 : [   5] sky\af3_a_clear\13-00#small
*  0.0 : [   5] sky\af3_a_clear\14-00
*  0.0 : [   5] sky\af3_a_clear\14-00#small
*  0.0 : [   5] sky\af3_a_clear\15-00
*  0.0 : [   5] sky\af3_a_clear\15-00#small
*  0.0 : [   5] sky\af3_a_clear\16-00
*  0.0 : [   5] sky\af3_a_clear\16-00#small
*  0.0 : [   5] sky\af3_a_clear\17-00
*  0.0 : [   5] sky\af3_a_clear\17-00#small
*  0.0 : [   5] sky\af3_a_clear\18-00
*  0.0 : [   5] sky\af3_a_clear\18-00#small
*  0.0 : [   5] sky\af3_a_clear\19-00
*  0.0 : [   5] sky\af3_a_clear\19-00#small
*  0.0 : [   6] sky\af3_a_clear\20-00
*  0.0 : [   6] sky\af3_a_clear\20-00#small
*  0.0 : [   5] sky\af3_a_clear\20-30
*  0.0 : [   5] sky\af3_a_clear\20-30#small
*  0.0 : [   5] sky\af3_a_clear\21-00
*  0.0 : [   5] sky\af3_a_clear\21-00#small
*  0.0 : [   3] sky\af3_a_cloudy\05-00
*  0.0 : [   3] sky\af3_a_cloudy\05-00#small
*  0.0 : [   5] sky\af3_a_cloudy\06-00
*  0.0 : [   5] sky\af3_a_cloudy\06-00#small
*  0.0 : [   6] sky\af3_a_cloudy\07-00
*  0.0 : [   6] sky\af3_a_cloudy\07-00#small
*  0.0 : [   6] sky\af3_a_cloudy\08-00
*  0.0 : [   6] sky\af3_a_cloudy\08-00#small
*  0.0 : [  28] sky\af3_a_cloudy\09-00
*  0.0 : [  28] sky\af3_a_cloudy\09-00#small
*  0.0 : [   7] sky\af3_a_cloudy\10-00
*  0.0 : [   7] sky\af3_a_cloudy\10-00#small
*  0.0 : [   9] sky\af3_a_cloudy\11-00
*  0.0 : [   9] sky\af3_a_cloudy\11-00#small
*  0.0 : [   5] sky\af3_a_cloudy\12-00
*  0.0 : [   5] sky\af3_a_cloudy\12-00#small
*  0.0 : [   8] sky\af3_a_cloudy\13-00
*  0.0 : [   8] sky\af3_a_cloudy\13-00#small
*  0.0 : [   8] sky\af3_a_cloudy\14-00
*  0.0 : [   8] sky\af3_a_cloudy\14-00#small
*  0.0 : [   7] sky\af3_a_cloudy\15-00
*  0.0 : [   7] sky\af3_a_cloudy\15-00#small
*  0.0 : [   7] sky\af3_a_cloudy\16-00
*  0.0 : [   7] sky\af3_a_cloudy\16-00#small
*  0.0 : [   9] sky\af3_a_cloudy\17-00
*  0.0 : [   9] sky\af3_a_cloudy\17-00#small
*  0.0 : [  12] sky\af3_a_cloudy\18-00
*  0.0 : [  12] sky\af3_a_cloudy\18-00#small
*  0.0 : [   3] sky\af3_a_cloudy\19-00
*  0.0 : [   3] sky\af3_a_cloudy\19-00#small
*  0.0 : [   7] sky\af3_a_cloudy\20-00
*  0.0 : [   7] sky\af3_a_cloudy\20-00#small
*  0.0 : [   2] sky\af3_a_partly\05-00
*  0.0 : [   2] sky\af3_a_partly\05-00#small
*  0.0 : [   3] sky\af3_a_partly\05-30
*  0.0 : [   3] sky\af3_a_partly\05-30#small
*  0.0 : [   4] sky\af3_a_partly\06-00
*  0.0 : [   4] sky\af3_a_partly\06-00#small
*  0.0 : [   2] sky\af3_a_partly\07-00
*  0.0 : [   2] sky\af3_a_partly\07-00#small
*  0.0 : [   2] sky\af3_a_partly\08-00
*  0.0 : [   2] sky\af3_a_partly\08-00#small
*  0.0 : [   1] sky\af3_a_partly\09-00
*  0.0 : [   1] sky\af3_a_partly\09-00#small
*  0.0 : [   1] sky\af3_a_partly\10-00
*  0.0 : [   1] sky\af3_a_partly\10-00#small
*  0.0 : [   3] sky\af3_a_partly\11-00
*  0.0 : [   3] sky\af3_a_partly\11-00#small
*  0.0 : [   5] sky\af3_a_partly\13-00
*  0.0 : [   5] sky\af3_a_partly\13-00#small
*  0.0 : [   1] sky\af3_a_partly\14-00
*  0.0 : [   1] sky\af3_a_partly\14-00#small
*  0.0 : [  25] sky\af3_a_partly\16-00
*  0.0 : [  25] sky\af3_a_partly\16-00#small
*  0.0 : [   3] sky\af3_a_partly\17-00
*  0.0 : [   3] sky\af3_a_partly\17-00#small
*  0.0 : [   2] sky\af3_a_partly\18-00
*  0.0 : [   2] sky\af3_a_partly\18-00#small
*  0.0 : [   3] sky\af3_a_partly\19-00
*  0.0 : [   3] sky\af3_a_partly\19-00#small
*  0.0 : [   4] sky\af3_a_partly\20-00
*  0.0 : [   4] sky\af3_a_partly\20-00#small
*  0.0 : [   1] sky\af3_a_partly\20-30
*  0.0 : [   1] sky\af3_a_partly\20-30#small
*  0.0 : [   2] sky\af3_a_partly\21-30
*  0.0 : [   2] sky\af3_a_partly\21-30#small
*  0.0 : [   6] sky\af3_blowout\blowout1
*  0.0 : [   6] sky\af3_blowout\blowout1#small
*  0.0 : [   2] sky\af3_blowout\blowout1_1
*  0.0 : [   2] sky\af3_blowout\blowout1_1#small
*  0.0 : [   1] sky\af3_blowout\blowout2
*  0.0 : [   1] sky\af3_blowout\blowout2#small
*  0.0 : [   1] sky\af3_blowout\blowout2_night
*  0.0 : [   1] sky\af3_blowout\blowout2_night#small
*  0.0 : [   3] sky\af3_blowout\blowout3
*  0.0 : [   3] sky\af3_blowout\blowout3#small
*  0.0 : [   2] sky\af3_blowout\blowout3_1
*  0.0 : [   2] sky\af3_blowout\blowout3_1#small
*  0.0 : [   2] sky\af3_blowout\blowout3_1_night
*  0.0 : [   2] sky\af3_blowout\blowout3_1_night#small
*  0.0 : [   3] sky\af3_blowout\blowout3_2
*  0.0 : [   3] sky\af3_blowout\blowout3_2#small
*  0.0 : [   2] sky\af3_blowout\blowout3_2_night
*  0.0 : [   2] sky\af3_blowout\blowout3_2_night#small
*  0.0 : [   2] sky\af3_blowout\blowout3_3
*  0.0 : [   2] sky\af3_blowout\blowout3_3#small
*  0.0 : [   2] sky\af3_blowout\blowout3_3_night
*  0.0 : [   2] sky\af3_blowout\blowout3_3_night#small
*  0.0 : [   1] sky\af3_blowout\blowout3_night
*  0.0 : [   1] sky\af3_blowout\blowout3_night#small
*  0.0 : [   1] sky\af3_blowout\blowout4
*  0.0 : [   1] sky\af3_blowout\blowout4#small
*  0.0 : [   3] sky\af3_blowout\blowout4_1
*  0.0 : [   3] sky\af3_blowout\blowout4_1#small
*  0.0 : [   3] sky\af3_blowout\blowout4_1_night
*  0.0 : [   3] sky\af3_blowout\blowout4_1_night#small
*  0.0 : [   1] sky\af3_blowout\blowout4_night
*  0.0 : [   1] sky\af3_blowout\blowout4_night#small
*  0.0 : [   1] sky\af3_blowout\blowout5
*  0.0 : [   1] sky\af3_blowout\blowout5#small
*  0.0 : [   1] sky\af3_blowout\blowout5_night
*  0.0 : [   1] sky\af3_blowout\blowout5_night#small
*  0.0 : [   7] sky\af3_blowout\blowout5psi
*  0.0 : [   7] sky\af3_blowout\blowout5psi#small
*  0.0 : [   7] sky\af3_blowout\blowout5psi_night
*  0.0 : [   7] sky\af3_blowout\blowout5psi_night#small
*  0.0 : [   1] sky\af3_blowout\blowout6
*  0.0 : [   1] sky\af3_blowout\blowout6#small
*  0.0 : [   1] sky\af3_blowout\blowout6_night
*  0.0 : [   1] sky\af3_blowout\blowout6_night#small
*  0.0 : [   3] sky\af3_blowout\blowout7
*  0.0 : [   3] sky\af3_blowout\blowout7#small
*  0.0 : [   4] sky\af3_blowout\blowout7_night
*  0.0 : [   4] sky\af3_blowout\blowout7_night#small
*  0.0 : [   7] sky\af3_foggy\07-00
*  0.0 : [   7] sky\af3_foggy\07-00#small
*  0.0 : [   2] sky\af3_foggy\09-00
*  0.0 : [   2] sky\af3_foggy\09-00#small
*  0.0 : [  58] sky\af3_foggy\10-00
*  0.0 : [  58] sky\af3_foggy\10-00#small
*  0.0 : [   3] sky\af3_foggy\11-00
*  0.0 : [   3] sky\af3_foggy\11-00#small
*  0.0 : [   6] sky\af3_foggy\17-00
*  0.0 : [   6] sky\af3_foggy\17-00#small
*  0.0 : [   1] sky\af3_foggy\18-00
*  0.0 : [   1] sky\af3_foggy\18-00#small
*  0.0 : [   6] sky\af3_rainy\07-00
*  0.0 : [   6] sky\af3_rainy\07-00#small
*  0.0 : [   6] sky\af3_rainy\09-00_19-00
*  0.0 : [   6] sky\af3_rainy\09-00_19-00#small
*  0.0 : [   1] sky\af3_rainy\13-00
*  0.0 : [   1] sky\af3_rainy\13-00#small
*  0.0 : [   3] sky\af3_rainy\15-00
*  0.0 : [   3] sky\af3_rainy\15-00#small
*  0.0 : [   2] sky\af3_rainy\16-00
*  0.0 : [   2] sky\af3_rainy\16-00#small
*  0.0 : [   6] sky\af3_rainy\20-00
*  0.0 : [   6] sky\af3_rainy\20-00#small
*  0.0 : [   5] sky\sky_oblaka
*  0.0 : [  40] sky\skygod_night\cloudy_00-00
*  0.0 : [  40] sky\skygod_night\cloudy_00-00#small
*  0.0 : [  49] sky\skygod_night\foggy_00-00
*  0.0 : [  49] sky\skygod_night\foggy_00-00#small
*  0.0 : [  37] sky\swtc_clear\00-00-fm
*  0.0 : [  37] sky\swtc_clear\00-00-fm#small
*  0.0 : [  26] sky\swtc_clear\01-00-fm
*  0.0 : [  26] sky\swtc_clear\01-00-fm#small
*  0.0 : [   1] sky\swtc_clear\02-00-fm
*  0.0 : [   1] sky\swtc_clear\02-00-fm#small
*  0.0 : [   1] sky\swtc_clear\03-00-fm
*  0.0 : [   1] sky\swtc_clear\03-00-fm#small
*  0.0 : [   1] sky\swtc_clear\04-00-fm
*  0.0 : [   1] sky\swtc_clear\04-00-fm#small
*  0.0 : [   1] sky\swtc_clear\04-30
*  0.0 : [   1] sky\swtc_clear\04-30#small
*  0.0 : [   2] sky\swtc_clear\05-00
*  0.0 : [   2] sky\swtc_clear\05-00#small
*  0.0 : [   3] sky\swtc_clear\06-00
*  0.0 : [   3] sky\swtc_clear\06-00#small
*  0.0 : [   1] sky\swtc_clear\06-30
*  0.0 : [   1] sky\swtc_clear\06-30#small
*  0.0 : [   1] sky\swtc_clear\07-00
*  0.0 : [   1] sky\swtc_clear\07-00#small
*  0.0 : [   2] sky\swtc_clear\08-00
*  0.0 : [   2] sky\swtc_clear\08-00#small
*  0.0 : [   3] sky\swtc_clear\09-00
*  0.0 : [   3] sky\swtc_clear\09-00#small
*  0.0 : [   2] sky\swtc_clear\10-00
*  0.0 : [   2] sky\swtc_clear\10-00#small
*  0.0 : [   2] sky\swtc_clear\11-00
*  0.0 : [   2] sky\swtc_clear\11-00#small
*  0.0 : [   3] sky\swtc_clear\12-00
*  0.0 : [   3] sky\swtc_clear\12-00#small
*  0.0 : [   2] sky\swtc_clear\13-00
*  0.0 : [   2] sky\swtc_clear\13-00#small
*  0.0 : [   2] sky\swtc_clear\14-00
*  0.0 : [   2] sky\swtc_clear\14-00#small
*  0.0 : [   2] sky\swtc_clear\15-00
*  0.0 : [   2] sky\swtc_clear\15-00#small
*  0.0 : [   2] sky\swtc_clear\16-00
*  0.0 : [   2] sky\swtc_clear\16-00#small
*  0.0 : [   2] sky\swtc_clear\17-00
*  0.0 : [   2] sky\swtc_clear\17-00#small
*  0.0 : [   2] sky\swtc_clear\18-00
*  0.0 : [   2] sky\swtc_clear\18-00#small
*  0.0 : [   3] sky\swtc_clear\19-00
*  0.0 : [   3] sky\swtc_clear\19-00#small
*  0.0 : [   2] sky\swtc_clear\20-00
*  0.0 : [   2] sky\swtc_clear\20-00#small
*  0.0 : [   1] sky\swtc_clear\20-30
*  0.0 : [   1] sky\swtc_clear\20-30#small
*  0.0 : [   2] sky\swtc_clear\21-00
*  0.0 : [   2] sky\swtc_clear\21-00#small
*  0.0 : [   1] sky\swtc_clear\22-00-fm
*  0.0 : [   1] sky\swtc_clear\22-00-fm#small
*  0.0 : [   1] sky\swtc_clear\23-00-fm
*  0.0 : [   1] sky\swtc_clear\23-00-fm#small
*  0.0 : [   1] sky\swtc_clear_alt\00-00
*  0.0 : [   1] sky\swtc_clear_alt\00-00#small
*  0.0 : [   1] sky\swtc_clear_alt\01-00
*  0.0 : [   1] sky\swtc_clear_alt\01-00#small
*  0.0 : [   1] sky\swtc_clear_alt\02-00
*  0.0 : [   1] sky\swtc_clear_alt\02-00#small
*  0.0 : [  34] sky\swtc_clear_alt\03-00
*  0.0 : [  34] sky\swtc_clear_alt\03-00#small
*  0.0 : [   2] sky\swtc_clear_alt\04-00
*  0.0 : [   2] sky\swtc_clear_alt\04-00#small
*  0.0 : [   1] sky\swtc_clear_alt\05-00
*  0.0 : [   1] sky\swtc_clear_alt\05-00#small
*  0.0 : [   2] sky\swtc_clear_alt\06-00
*  0.0 : [   2] sky\swtc_clear_alt\06-00#small
*  0.0 : [   1] sky\swtc_clear_alt\07-00
*  0.0 : [   1] sky\swtc_clear_alt\07-00#small
*  0.0 : [   1] sky\swtc_clear_alt\08-00
*  0.0 : [   1] sky\swtc_clear_alt\08-00#small
*  0.0 : [   2] sky\swtc_clear_alt\10-00
*  0.0 : [   2] sky\swtc_clear_alt\10-00#small
*  0.0 : [   1] sky\swtc_clear_alt\11-00
*  0.0 : [   1] sky\swtc_clear_alt\11-00#small
*  0.0 : [   2] sky\swtc_clear_alt\13-00
*  0.0 : [   2] sky\swtc_clear_alt\13-00#small
*  0.0 : [   1] sky\swtc_clear_alt\14-00
*  0.0 : [   1] sky\swtc_clear_alt\14-00#small
*  0.0 : [   2] sky\swtc_clear_alt\15-00
*  0.0 : [   2] sky\swtc_clear_alt\15-00#small
*  0.0 : [   1] sky\swtc_clear_alt\17-00
*  0.0 : [   1] sky\swtc_clear_alt\17-00#small
*  0.0 : [   1] sky\swtc_clear_alt\18-00
*  0.0 : [   1] sky\swtc_clear_alt\18-00#small
*  0.0 : [   1] sky\swtc_clear_alt\19-00
*  0.0 : [   1] sky\swtc_clear_alt\19-00#small
*  0.0 : [   2] sky\swtc_clear_alt\20-00
*  0.0 : [   2] sky\swtc_clear_alt\20-00#small
*  0.0 : [   3] sky\swtc_clear_alt\20-30
*  0.0 : [   3] sky\swtc_clear_alt\20-30#small
*  0.0 : [   3] sky\swtc_clear_alt\23-00
*  0.0 : [   3] sky\swtc_clear_alt\23-00#small
*  0.0 : [   1] sky\swtc_cloudy_light\06-00-cloudy-dark
*  0.0 : [   1] sky\swtc_cloudy_light\06-00-cloudy-dark#small
*  0.0 : [   1] sky\swtc_cloudy_light\17-00-cloudy-light
*  0.0 : [   1] sky\swtc_cloudy_light\17-00-cloudy-light#small
*  0.0 : [   3] sky\swtc_cloudy_light\19-00-cloudy-light-rain
*  0.0 : [   3] sky\swtc_cloudy_light\19-00-cloudy-light-rain#small
*  0.0 : [   1] sky\swtc_cloudy_light\20-30-cloudy-light
*  0.0 : [   1] sky\swtc_cloudy_light\20-30-cloudy-light#small
*  0.0 : [   2] sky\swtc_dark\05-00-storm
*  0.0 : [   2] sky\swtc_dark\05-00-storm#small
*  0.0 : [   1] sky\swtc_dark\06-00-cloudy-dark
*  0.0 : [   1] sky\swtc_dark\06-00-cloudy-dark#small
*  0.0 : [   1] sky\swtc_dark\07-00-cloudy-light-rain
*  0.0 : [   1] sky\swtc_dark\07-00-cloudy-light-rain#small
*  0.0 : [   1] sky\swtc_dark\09-00-cloudy-dark-rain
*  0.0 : [   1] sky\swtc_dark\09-00-cloudy-dark-rain#small
*  0.0 : [   1] sky\swtc_dark\10-00-cloudy-light-rain
*  0.0 : [   1] sky\swtc_dark\10-00-cloudy-light-rain#small
*  0.0 : [   1] sky\swtc_dark\11-00-storm
*  0.0 : [   1] sky\swtc_dark\11-00-storm#small
*  0.0 : [   3] sky\swtc_dark\13-00-cloudy-dark
*  0.0 : [   3] sky\swtc_dark\13-00-cloudy-dark#small
*  0.0 : [   1] sky\swtc_dark\15-00-storm
*  0.0 : [   1] sky\swtc_dark\15-00-storm#small
*  0.0 : [   1] sky\swtc_dark\16-00-storm
*  0.0 : [   1] sky\swtc_dark\16-00-storm#small
*  0.0 : [   1] sky\swtc_dark\17-00-storm
*  0.0 : [   1] sky\swtc_dark\17-00-storm#small
*  0.0 : [   1] sky\swtc_dark\18-00-cloudy-light-rain
*  0.0 : [   1] sky\swtc_dark\18-00-cloudy-light-rain#small
*  0.0 : [   3] sky\swtc_dark\19-00-storm
*  0.0 : [   3] sky\swtc_dark\19-00-storm#small
*  0.0 : [   2] sky\swtc_dark\20-00-storm
*  0.0 : [   2] sky\swtc_dark\20-00-storm#small
*  0.0 : [   1] sky\swtc_dark\21-00-storm
*  0.0 : [   1] sky\swtc_dark\21-00-storm#small
*  0.0 : [   3] sky\swtc_storm\08-00-storm
*  0.0 : [   3] sky\swtc_storm\08-00-storm#small
*  0.0 : [   2] sky\swtc_storm\09-00-storm
*  0.0 : [   2] sky\swtc_storm\09-00-storm#small
*  0.0 : [   5] sky\swtc_storm\10-00-storm
*  0.0 : [   5] sky\swtc_storm\10-00-storm#small
*  0.0 : [   1] sky\swtc_storm\14-00-storm
*  0.0 : [   1] sky\swtc_storm\14-00-storm#small
*  0.0 : [   3] sky\swtc_storm\15-00-storm
*  0.0 : [   3] sky\swtc_storm\15-00-storm#small
*  0.0 : [   1] sky\swtc_storm\17-00-storm
*  0.0 : [   1] sky\swtc_storm\17-00-storm#small
*  0.0 : [   1] sky\swtc_storm\20-00-storm
*  0.0 : [   1] sky\swtc_storm\20-00-storm#small
*  0.0 : [   1] sunmask
*  0.0 : [   1] ui\ui_actor_multiplayer_game_menu
*  0.0 : [   1] ui\ui_actor_sleep_screen
*  0.0 : [   1] ui\ui_common
*  0.0 : [   1] water\water_SBumpVolume
*  0.0 : [   1] water\water_flowing_nmap
*  0.0 : [   1] water\water_normal
*  0.0 : [   1] wm\wm_blood_1
*  0.0 : [   1] wm\wm_blood_1_1
*  0.0 : [   1] wm\wm_blood_1_2
*  0.0 : [   1] wm\wm_blood_1_3
*  0.0 : [   1] wm\wm_blood_drop_4
*  0.0 : [   1] wm\wm_bullet_asfalt_1
*  0.0 : [   1] wm\wm_bullet_asfalt_2
*  0.0 : [   1] wm\wm_bullet_asfalt_3
*  0.0 : [   1] wm\wm_bullet_brick_1
*  0.0 : [   1] wm\wm_bullet_brick_2
*  0.0 : [   1] wm\wm_bullet_concrete
*  0.0 : [   1] wm\wm_bullet_concrete_1
*  0.0 : [   1] wm\wm_bullet_concrete_2
*  0.0 : [   1] wm\wm_bullet_concrete_4
*  0.0 : [   1] wm\wm_bullet_concrete_5
*  0.0 : [   1] wm\wm_bullet_concrete_6
*  0.0 : [   1] wm\wm_bullet_concrete_7
*  0.0 : [   1] wm\wm_bullet_glass01
*  0.0 : [   1] wm\wm_bullet_glass02
*  0.0 : [   1] wm\wm_bullet_glass03
*  0.0 : [   1] wm\wm_bullet_glass04
*  0.0 : [   1] wm\wm_bullet_ground
*  0.0 : [   1] wm\wm_bullet_ground_1
*  0.0 : [   1] wm\wm_bullet_ground_2
*  0.0 : [   1] wm\wm_bullet_metall_thik
*  0.0 : [   1] wm\wm_bullet_metall_thik_1
*  0.0 : [   1] wm\wm_bullet_metall_thik_2
*  0.0 : [   1] wm\wm_bullet_metall_thik_3
*  0.0 : [   1] wm\wm_bullet_metall_thin
*  0.0 : [   1] wm\wm_bullet_metall_thin_1
*  0.0 : [   1] wm\wm_bullet_metall_thin_2
*  0.0 : [   1] wm\wm_bullet_metall_thin_3
*  0.0 : [   1] wm\wm_bullet_metall_thin_4
*  0.0 : [   1] wm\wm_bullet_wood
*  0.0 : [   1] wm\wm_bullet_wood_1
*  0.0 : [   1] wm\wm_bullet_wood_2
*  0.0 : [   1] wm\wm_bullet_wood_3
*  0.0 : [   1] wm\wm_bullet_wood_4
*  0.0 : [   1] wm\wm_bullet_wood_5
*  0.0 : [   1] wm\wm_bullet_wood_6
*  0.0 : [   1] wm\wm_bullet_wood_7
*  0.0 : [   1] wm\wm_bullet_wood_8
*  0.0 : [   1] wm\wm_bullet_wood_9
*  0.0 : [   1] wm\wm_grenade
*  0.0 : [   1] wm\wm_knife_dead
*  0.0 : [   1] wm\wm_knife_horiz
*  0.0 : [   1] wm\wm_knife_horiz_blood
*  0.0 : [   1] wm\wm_knife_horiz_blood1
*  0.0 : [   1] wm\wm_knife_horiz_metal
*  0.0 : [   1] wm\wm_knife_horiz_ston
*  0.0 : [   1] wm\wm_knife_wood
*  0.0 : [   1] wm\wm_knife_wood1
*  0.0 : [   1] wm\wm_knife_wood2
*  8.1 : [   1] ui\ui_magnifier2
*  9.5 : [   1] ui\moty2018
*  9.5 : [   1] ui\moty2019
*  9.5 : [   1] ui\moty2022
* 32.1 : [   1] ui\ui_font_arial_14_1600
* 33.0 : [   1] ui\ui_ani_cursor
* 64.1 : [   1] ui\ui_font_hud_01_2160
* 64.1 : [   1] ui\ui_font_letter_16_1600
* 64.1 : [   1] ui\ui_font_letter_18_1600
* 128.1 : [   1] ui\ui_font_graff_19_1600
* 128.1 : [   1] ui\ui_font_graff_22_1600
* 200.1 : [   1] logoamcm
* 256.1 : [   1] ui\ui_font_console_02_2160
* 256.1 : [   1] ui\ui_font_graff_32_1600
* 256.1 : [   1] ui\ui_font_hud_02_2160
* 256.1 : [   1] ui\ui_font_letter_25_1600
* 512.1 : [   1] ui\ui_font_graff_50_1600
* 2048.1 : [   1] ui\ui_actor_main_menu
CLevel::CLevel() Spawn Antifreeze initialized
"d:\games\gamma\anomaly\bin\anomalydx11avx.exe" -smap2048 -dbg 
* phase time: 0 ms
* phase cmem: 782870 K
* [x-ray]: Prefetching Data
Loading objects...
Loading models...
Loading textures...
CResourceManager::DeferredUpload -> START, size = 1059
texture loading time: 1487
* [x-ray]: Prefetched Data
* [prefetch] time:   1789 ms
* [prefetch] memory: 51320Kb
* loading script _G.script
opening file d:/games/gamma/anomaly/bin/..\gamedata\configs\unlocalizers\npcd.ltx
creating unlocalizer for script txr_paid_companions
adding variable dialog_squad for unlocalizer for script txr_paid_companions
opening file d:/games/gamma/anomaly/bin/..\gamedata\configs\unlocalizers\npe.ltx
creating unlocalizer for script item_radio
adding variable logprefix for unlocalizer for script item_radio
adding variable snd_beep for unlocalizer for script item_radio
adding variable snd_emission for unlocalizer for script item_radio
adding variable snd_noise for unlocalizer for script item_radio
adding variable snd_off for unlocalizer for script item_radio
adding variable snd_on for unlocalizer for script item_radio
adding variable snd_random for unlocalizer for script item_radio
adding variable snd_silence for unlocalizer for script item_radio
adding variable snd_talk for unlocalizer for script item_radio
adding variable snd_white_noise for unlocalizer for script item_radio
opening file d:/games/gamma/anomaly/bin/..\gamedata\configs\unlocalizers\unlocalizer_modded_exes_axr_trade_manager.ltx
creating unlocalizer for script axr_trade_manager
adding variable ini for unlocalizer for script axr_trade_manager
adding variable max_upgrades_per_visit for unlocalizer for script axr_trade_manager
adding variable picked_set for unlocalizer for script axr_trade_manager
adding variable picked_unchecked for unlocalizer for script axr_trade_manager
opening file d:/games/gamma/anomaly/bin/..\gamedata\configs\unlocalizers\unlocalizer_modded_exes_global.ltx
creating unlocalizer for script _g
adding variable ini_cache for unlocalizer for script _g
opening file d:/games/gamma/anomaly/bin/..\gamedata\configs\unlocalizers\unlocalizer_modded_exes_item_device_script_fixes.ltx
creating unlocalizer for script item_device
adding variable on_anomaly_touch for unlocalizer for script item_device
opening file d:/games/gamma/anomaly/bin/..\gamedata\configs\unlocalizers\unlocalizer_modded_exes_item_weapon.ltx
creating unlocalizer for script item_weapon
adding variable scopes_table for unlocalizer for script item_weapon
opening file d:/games/gamma/anomaly/bin/..\gamedata\configs\unlocalizers\unlocalizer_modded_exes_pda.ltx
creating unlocalizer for script pda
adding variable map_spot_property for unlocalizer for script pda
opening file d:/games/gamma/anomaly/bin/..\gamedata\configs\unlocalizers\unlocalizer_modded_exes_utils_item.ltx
creating unlocalizer for script utils_item
adding variable scopes_list for unlocalizer for script utils_item
opening file d:/games/gamma/anomaly/bin/..\gamedata\configs\unlocalizers\unlocalizer_modded_exes_xrs_facer_script_fixes.ltx
creating unlocalizer for script xrs_facer
adding variable Enabled for unlocalizer for script xrs_facer
adding variable facer_sets for unlocalizer for script xrs_facer
opening file d:/games/gamma/anomaly/bin/..\gamedata\configs\unlocalizers\unlocalizer_test.ltx
creating unlocalizer for script actor_effects
adding variable RENDERER for unlocalizer for script actor_effects
adding variable STATIC_LIGHT for unlocalizer for script actor_effects
opening file d:/games/gamma/anomaly/bin/..\gamedata\configs\unlocalizers\unlocalizer_ui_options.ltx
creating unlocalizer for script ui_options
adding variable opt_temp for unlocalizer for script ui_options
found script _G in unlocalizers data
found variable ini_cache to unlocal
* loading script class_registrator.script
* loading script ui_main_menu.script
* loading script smart_terrain.script
* loading script se_level_changer.script
* loading script se_actor.script
* loading script se_stalker.script
* loading script se_heli.script
* loading script se_zones.script
* loading script se_item.script
* loading script se_smart_cover.script
* loading script se_car.script
* loading script se_artefact.script
* loading script se_monster.script
* loading script sim_squad_scripted.script
* loading script ui_options.script
found script ui_options in unlocalizers data
found variable opt_temp to unlocal
* loading script utils_xml.script
* loading script axr_main.script
* loading script game_registrator.script
* loading script class_registrator_modded_exes.script
* loading script _g_patches.script
* loading script dxml_core.script
[Modded Exes] init gathering modxml_... scripts
* loading script modxml_inject_keybinds.script
[Modded Exes] gathering modxml_inject_keybinds.script
* loading script modxml_mcm_rus.script
[Modded Exes] gathering modxml_mcm_rus.script
* loading script modxml_npcd_dialogs.script
* loading script npcd_utils.script
[Modded Exes] gathering modxml_npcd_dialogs.script
* loading script modxml_npcd_pda.script
[Modded Exes] gathering modxml_npcd_pda.script
* loading script modxml_test.script
[Modded Exes] gathering modxml_test.script
* loading script ui_options_modded_exes.script
* loading script options_modded_exes.script
* loading script options_modded_exes_visual.script
* loading script options_modded_exes_ui_hud.script
* loading script options_builder.script
* loading script options_modded_exes_crosshair.script
* loading script options_modded_exes_hdr10.script
* loading script options_modded_exes_3d_scopes.script
* loading script options_modded_exes_particles.script
* loading script options_modded_exes_wallmarks.script
* loading script options_modded_exes_sound.script
* loading script options_modded_exes_doppler.script
* loading script options_modded_exes_sound_delay.script
* loading script options_modded_exes_control.script
* loading script options_modded_exes_keyboard.script
* loading script options_modded_exes_mouse.script
* loading script options_modded_exes_camera.script
* loading script options_modded_exes_pda.script
* loading script options_modded_exes_gameplay.script
* loading script options_modded_exes_gameplay_general.script
* loading script options_modded_exes_aim.script
* loading script options_modded_exes_3d_ballistics.script
* loading script options_modded_exes_weapons.script
* loading script options_modded_exes_first_person_death.script
* loading script options_modded_exes_stalkers.script
* loading script options_modded_exes_monsters.script
* loading script options_modded_exes_saves.script
* loading script options_modded_exes_crash_saves.script
* loading script options_modded_exes_debug.script
* loading script options_modded_exes_logging.script
* loading script options_modded_exes_errors.script
* loading script options_modded_exes_optimizations.script
* loading script slaxml.script
S.T.A.L.K.E.R. Anomaly version 1.5.3
using marshal library
* loading script _g.script
found script _g in unlocalizers data
found variable ini_cache to unlocal
* loading script _imgui_groups.script
* loading script a_npcd_setup_mcm.script
$[NPCD] START Callbacks configuration
* loading script aaa_sound_object_patch.script
* loading script aaaa_script_fixes_mp.script
* loading script bind_stalker_ext.script
* loading script ui_pda_npc_tab.script
* loading script item_device.script
found script item_device in unlocalizers data
[unlocalRegex] found variable on_anomaly_touch to unlocal
* loading script itms_manager.script
* loading script utils_data.script
* loading script xrs_facer.script
found script xrs_facer in unlocalizers data
found variable facer_sets to unlocal
found variable Enabled to unlocal
* loading script axr_trade_manager.script
found script axr_trade_manager in unlocalizers data
found variable ini to unlocal
found variable max_upgrades_per_visit to unlocal
[unlocalRegex] found variable picked_unchecked to unlocal
[unlocalRegex] found variable picked_set to unlocal
* loading script xr_conditions.script
* loading script xr_effects.script
* loading script utils_item.script
found script utils_item in unlocalizers data
found variable scopes_list to unlocal
* loading script item_weapon.script
found script item_weapon in unlocalizers data
found variable scopes_table to unlocal
* loading script trans_outfit.script
* loading script actor_effects.script
found script actor_effects in unlocalizers data
found variable RENDERER to unlocal
found variable STATIC_LIGHT to unlocal
* loading script actor_menu.script
* loading script actor_menu_inventory.script
* loading script actor_proxy.script
* loading script actor_status.script
* loading script actor_status_sleep.script
* loading script actor_status_thirst.script
* loading script alife_storage_manager.script
* loading script arszi_psy.script
* loading script axr_beh.script
* loading script axr_beh_patches.script
* loading script axr_companions.script
* loading script axr_keybind.script
* loading script axr_fight_from_cover.script
* loading script axr_npc_vs_box.script
* loading script axr_npc_vs_heli.script
* loading script axr_radio_in_heli.script
* loading script axr_stalker_panic.script
* loading script axr_task_manager.script
* loading script axr_turn_on_campfire.script
* loading script bind_anomaly_field.script
* loading script bind_anomaly_zone.script
* loading script bind_awr.script
* loading script bind_camp.script
* loading script bind_campfire.script
* loading script bind_car.script
* loading script bind_container.script
* loading script bind_crow.script
* loading script bind_door_labx8.script
* loading script bind_dynamic_light.script
* loading script bind_dynamo_hand.script
* loading script bind_faction.script
* loading script bind_heli.script
* loading script bind_item.script
* loading script bind_level_changer.script
* loading script bind_monster.script
* loading script bind_physic_object.script
* loading script bind_red_forest_bridge.script
* loading script bind_restrictor.script
* loading script bind_signal_light.script
* loading script bind_smart_cover.script
* loading script bind_smart_terrain.script
* loading script bind_stalker.script
* loading script bind_trader.script
* loading script callbacks_gameobject.script
* loading script level_input.script
* loading script task_manager.script
* loading script check_anim.script
* loading script closecaption.script
* loading script combat_restrictor.script
* loading script cover_manager.script
* loading script db.script
* loading script death_manager.script
* loading script debug_cmd_list.script
* loading script dialog_manager.script
* loading script dialogs.script
* loading script dialogs_agr_u.script
* loading script task_functor.script
* loading script task_status_functor.script
* loading script dialogs_axr_companion.script
* loading script dialogs_bar.script
* loading script dialogs_darkvalley.script
* loading script dialogs_devushka.script
* loading script dialogs_escape.script
* loading script dialogs_jupiter.script
* loading script dialogs_lostzone.script
* loading script dialogs_marsh.script
* loading script dialogs_mlr.script
* loading script dialogs_pripyat.script
* loading script dialogs_warlab.script
* loading script dialogs_yantar.script
* loading script dialogs_zaton.script
* loading script dph_mcm_save_storage.script
* loading script dynamic_news_helper.script
* loading script dynamic_news_manager.script
* loading script faction_expansions.script
* loading script fakelens.script
* loading script game_achievements.script
* loading script game_autosave.script
* loading script game_autosave_new.script
* loading script game_backpack_travel.script
* loading script game_difficulties.script
* loading script game_fast_travel.script
* loading script game_relations.script
* loading script game_setup.script
* loading script game_statistics.script
* loading script gamemode_agony.script
* loading script gamemode_azazel.script
* loading script warfare.script
* loading script gamemode_ironman.script
* loading script gamemode_timer.script
* loading script gameplay_disguise.script
* loading script gameplay_radioactive_water.script
* loading script gameplay_silent_kills.script
* loading script global_position.script
* loading script guaranteed_loot.script
* loading script gulag_general.script
* loading script gwr_worldweapon_binder.script
* loading script heli_alife.script
* loading script heli_alife_warfare.script
* loading script heli_combat.script
* loading script heli_fire.script
* loading script heli_fly.script
* loading script heli_look.script
* loading script heli_move.script
* loading script heli_snd.script
* loading script xr_sound.script
* loading script imgui_helper.script
* loading script info_portions.script
* loading script inventory_upgrades.script
* loading script item_artefact.script
* loading script item_backpack.script
* loading script item_cooking.script
* loading script item_knife.script
* loading script item_map_kit.script
* loading script item_mine.script
* loading script item_money.script
* loading script item_parts.script
* loading script item_radio.script
found script item_radio in unlocalizers data
found variable snd_on to unlocal
found variable snd_off to unlocal
found variable snd_noise to unlocal
found variable snd_white_noise to unlocal
found variable snd_emission to unlocal
found variable snd_random to unlocal
found variable snd_talk to unlocal
* loading script item_recipe.script
* loading script item_repair.script
* loading script item_tent.script
* loading script ka_dialog.script
* loading script ka_travel.script
* loading script ka_travel_dialog.script
* loading script level_environment.script
* loading script level_targets.script
* loading script level_weathers.script
* loading script loadscreen.script
* loading script logic_enforcer.script
* loading script ltx_help_ex.script
* loading script lua_ext.script
* loading script lua_help_ex.script
* loading script lua_help_imgui.script
* loading script mcm_log.script
* loading script medic_effects.script
* loading script memusage.script
* loading script mlr_utils.script
* loading script mob_camp.script
* loading script mob_combat.script
* loading script mob_death.script
* loading script mob_home.script
* loading script mob_jump.script
* loading script mob_remark.script
* loading script mob_sound.script
* loading script mob_state_mgr.script
* loading script mob_trade.script
* loading script mob_trader.script
* loading script mob_walker.script
* loading script modded_exes_migration.script
* loading script modules.script
* loading script xr_meet.script
* loading script xr_actions_id.script
* loading script xr_wounded.script
* loading script xr_danger.script
* loading script xr_abuse.script
* loading script xr_gather_items.script
* loading script xr_help_wounded.script
* loading script xr_corpse_detection.script
* loading script rx_ff.script
* loading script xrs_kill_wounded.script
* loading script xr_walker.script
* loading script xr_remark.script
* loading script xr_cover.script
* loading script xr_sleeper.script
* loading script xr_camper.script
* loading script xr_combat.script
* loading script xr_death.script
* loading script xr_hit.script
* loading script xr_combat_ignore.script
* loading script xr_combat_zombied.script
* loading script xr_patrol.script
* loading script xr_smartcover.script
* loading script xr_companion.script
* loading script xr_animpoint.script
* loading script xr_reach_task.script
* loading script ph_car.script
* loading script ph_door.script
* loading script ph_idle.script
* loading script ph_hit.script
* loading script ph_on_hit.script
* loading script ph_button.script
* loading script ph_code.script
* loading script ph_death.script
* loading script ph_minigun.script
* loading script ph_oscillate.script
* loading script ph_sound.script
* loading script sr_no_weapon.script
* loading script sr_teleport.script
* loading script sr_idle.script
* loading script sr_light.script
* loading script sr_timer.script
* loading script sr_psy_antenna.script
* loading script sr_postprocess.script
* loading script sr_particle.script
* loading script sr_cutscene.script
* loading script sr_monster.script
* loading script sr_crow_spawner.script
* loading script sr_silence.script
* loading script sr_deimos.script
* loading script xr_campfire_point.script
* loading script move_mgr.script
* loading script news_manager.script
* loading script npcd.script
* loading script npcd_actionbar.script
* loading script npcd_actionbar_hud.script
* loading script npcd_actionbar_mcm.script
* loading script npcd_dashboard.script
* loading script npcd_dialogs.script
* loading script npcd_hud.script
* loading script npcd_input_manager.script
* loading script npcd_logging.script
* loading script npcd_logging_mcm.script
* loading script npcd_manager.script
* loading script npcd_mcm.script
* loading script npcd_notifications.script
* loading script NPCD.script
* loading script npcd_npcs_mcm.script
* loading script npcd_pda_dashboard.script
* loading script pda.script
found script pda in unlocalizers data
found variable map_spot_property to unlocal
* loading script npcd_relations.script
* loading script txr_paid_companions.script
found script txr_paid_companions in unlocalizers data
found variable dialog_squad to unlocal
* loading script npcd_squad.script
Time continual is:10430
npcd_squad registering logger callback
* loading script npcd_ui_fx.script
* loading script npe_execution.script
* loading script npe_logging.script
* loading script npcd_utils_bone_mapper.script
* loading script npe.script
* loading script npe_actions.script
* loading script npe_dialog.script
* loading script npe_dialog_codec.script
* loading script npe_dialog_tutorial.script
* loading script npe_director.script
* loading script npe_events.script
* loading script npe_logging_mcm.script
* loading script npe_mcm.script
* loading script npe_utils.script
* loading script npe_welcome_mcm.script
* loading script pda_actor.script
* loading script pda_flagger.script
* loading script pda_smart_terrain_warfare.script
* loading script ph_appforce.script
* loading script phantom_manager.script
* loading script post_combat_idle.script
* loading script psi_storm_manager.script
* loading script ranks.script
* loading script release_body_manager.script
* loading script release_item_manager.script
* loading script release_npc_inventory.script
* loading script restrictor_manager.script
* loading script safe_release_manager.script
* loading script scoperadii.script
* loading script sim_board.script
* loading script sim_offline_combat.script
* loading script sim_squad_bounty.script
* loading script sim_squad_warfare.script
* loading script simulation_objects.script
* loading script smart_covers.script
* loading script smart_covers_combat_front.script
* loading script smart_covers_loophole_crouch_front_left.script
* loading script smart_covers_loophole_crouch_front.script
* loading script smart_covers_loophole_crouch_front_right.script
* loading script smart_covers_loophole_stand_front_left.script
* loading script smart_covers_loophole_stand_front_right.script
* loading script smart_covers_combat_prone.script
* loading script smart_covers_loophole_prone.script
* loading script smart_covers_animpoint_stay_wall.script
* loading script smart_covers_loophole_animpoint_stay_wall.script
* loading script smart_covers_animpoint_stay_table.script
* loading script smart_covers_loophole_animpoint_stay_table.script
* loading script smart_covers_animpoint_sit_high.script
* loading script smart_covers_loophole_animpoint_sit_high.script
* loading script smart_covers_animpoint_sit_normal.script
* loading script smart_covers_loophole_animpoint_sit_normal.script
* loading script smart_covers_animpoint_sit_low.script
* loading script smart_covers_loophole_animpoint_sit_low.script
* loading script smart_covers_animpoint_sit.script
* loading script smart_covers_loophole_animpoint_sit.script
* loading script smart_covers_animpoint_sit_ass.script
* loading script smart_covers_loophole_animpoint_sit_ass.script
* loading script smart_covers_animpoint_sit_knee.script
* loading script smart_covers_loophole_animpoint_sit_knee.script
* loading script smart_covers_animpoint_stay_ohrana.script
* loading script smart_covers_loophole_animpoint_stay_ohrana.script
* loading script smart_covers_animpoint_stay_bar.script
* loading script smart_covers_loophole_animpoint_stay_bar.script
* loading script smart_covers_animpoint_sit_wait.script
* loading script smart_covers_loophole_animpoint_sit_wait.script
* loading script smart_covers_animpoint_stay_wait.script
* loading script smart_covers_loophole_animpoint_stay_wait.script
* loading script smart_covers_animpoint_pri_a15.script
* loading script smart_covers_loophole_animpoint_pri_a15.script
* loading script smart_covers_anim_pri_a22.script
* loading script smart_covers_loophole_anim_pri_a22.script
* loading script smart_covers_combat.script
* loading script smart_covers_cover_lesnik.script
* loading script smart_covers_cover_loophole_lead_forester_idle_talk.script
* loading script smart_covers_loophole_crouch_back.script
* loading script smart_covers_loophole_crouch_left.script
* loading script smart_covers_loophole_crouch_right.script
* loading script smart_covers_loophole_lead_forester_idle.script
* loading script smart_covers_loophole_lead_forester_talk.script
* loading script smart_covers_loophole_lesnik.script
* loading script smart_covers_loophole_stand_back.script
* loading script smart_covers_loophole_stand_left.script
* loading script smart_covers_loophole_stand_right.script
* loading script smart_terrain_warfare.script
* loading script sound_ambient.script
* loading script sound_manager.script
* loading script sound_theme.script
* loading script spawn_nimble_items.script
* loading script spotters.script
* loading script spotters_mcm.script
* loading script utils_spotter_hudmarks.script
* loading script utils_spotter_common.script
~ ------------------------------------------------------------------------
@ Modded exes 20251031 feature support (GAMMA: false)
- Context menu colors (added 20240523): true
- Right-click on PDA map (added 20230922): true
- Func get_string_table (added 20240507): true
- Mouse wheel scripting (added 20230701): true
- DXML on_xml_read cacheing (added 20250228): true
~ ------------------------------------------------------------------------

Loaded utils_spotter_common v1.14 (rel 20250419)
* loading script utils_spotter_text.script
* loading script ui_mcm.script
Loaded utils_spotter_text v1.11 (rel 20250717)
* loading script utils_spotter_mapspots.script
Loaded utils_spotter_mapspots v1.1 (rel 20250406)
Loaded utils_spotter_hudmarks v1.3 (rel 20250717)
* loading script sr_camp.script
* loading script stalker_generic.script
* loading script state_lib.script
* loading script state_lib_animpoint.script
* loading script state_mgr_scenario.script
* loading script state_mgr_pri_a15.script
* loading script state_mgr.script
* loading script state_mgr_animation.script
* loading script state_mgr_animation_list.script
* loading script state_mgr_animation_list_animpoint.script
* loading script state_mgr_animstate.script
* loading script state_mgr_animstate_list.script
* loading script state_mgr_animstate_list_animpoint.script
* loading script state_mgr_bodystate.script
* loading script state_mgr_direction.script
* loading script state_mgr_goap.script
* loading script state_mgr_mental.script
* loading script state_mgr_movement.script
* loading script state_mgr_smartcover.script
* loading script state_mgr_weapon.script
* loading script story_objects.script
* loading script surge_manager.script
* loading script task_objects.script
* loading script tasks_agent_rescue.script
* loading script tasks_anomaly_scanner.script
* loading script tasks_assault.script
* loading script tasks_bounty.script
* loading script tasks_chimera_scan.script
* loading script utils_obj.script
* loading script tasks_clear_map.script
* loading script tasks_defense.script
* loading script tasks_delivery.script
* loading script tasks_dominance.script
* loading script tasks_faction_control.script
* loading script tasks_fate.script
* loading script tasks_fetch.script
* loading script tasks_guide.script
* loading script tasks_measure.script
* loading script tasks_multifetch.script
* loading script tasks_pump_station_defense.script
* loading script tasks_recover_item_on_corpse.script
* loading script tasks_recover_mutant_data.script
* loading script tasks_smart_control.script
* loading script tasks_stash.script
* loading script tasks_top_10.script
* loading script tasks_veh_destroy.script
* loading script test_npe_execution_client.script
* loading script trade_manager.script
* loading script treasure_manager.script
* loading script true_first_person_death.script
* loading script txr_mines.script
* loading script txr_routes.script
* loading script ui_companion_inv.script
* loading script ui_ctrl_lighting.script
* loading script ui_debug_item.script
* loading script ui_wpn_params.script
* loading script ui_debug_launcher.script
* loading script ui_debug_lighting.script
* loading script ui_debug_main.script
* loading script ui_debug_weather.script
* loading script ui_debug_wpn_hud.script
* loading script ui_dosimeter.script
* loading script ui_dyn_msg_box.script
* loading script ui_enemy_health.script
* loading script ui_extra.script
* loading script ui_freeplay_dialog.script
* loading script ui_inventory.script
* loading script ui_item.script
* loading script ui_itm_details.script
* loading script ui_load_dialog.script
* loading script ui_map_debug_ex.script
* loading script ui_mm_faction_select.script
* loading script ui_mutant_loot.script
* loading script ui_numpad.script
* loading script ui_pda_contacts_tab.script
* loading script ui_pda_encyclopedia_tab.script
* loading script ui_pda_radio_tab.script
* loading script ui_pda_relations_tab.script
* loading script ui_pda_warfare_tab.script
* loading script ui_save_dialog.script
* loading script ui_scenes.script
* loading script ui_sleep_dialog.script
* loading script ui_sr_teleport.script
* loading script ui_warfare_options_hints.script
* loading script ui_workshop.script
* loading script utils_stpk.script
* loading script utils_ui.script
* loading script visual_memory_manager.script
* loading script warfare_faction_control.script
* loading script warfare_factions.script
* loading script warfare_levels.script
* loading script warfare_names.script
* loading script warfare_options.script
* loading script xr_animpoint_predicates.script
* loading script xr_box.script
* loading script xr_bribe.script
* loading script xr_combat_camper.script
* loading script xr_evaluators_id.script
* loading script xr_combat_monolith.script
* loading script xr_conditions_addon.script
* loading script xr_detector.script
* loading script xr_eat_medkit.script
* loading script xr_effects_addon.script
* loading script xr_gulag.script
* loading script xr_hear.script
* loading script xr_logic.script
* loading script xr_motivator.script
* loading script xr_patch.script
* loading script xr_state.script
* loading script xr_weapon_jam.script
* loading script xr_zones.script
* loading script xr_zones_sound.script
* loading script xrs_debug_tools.script
* loading script xrs_dyn_music.script
* loading script xrs_rnd_npc_loadout.script
* loading script zz_npcd_mp.script
$[NPCD] START Logging set_up
/ NPCD Logging get_npcd_printer
[NPCD][MCM] npcd_get_setting logs npcd
MCM options reset.
perk menu perk_sportshooter
perk menu perk_cybereye
perk menu perk_deadeye
perk menu perk_spotter
perk menu perk_teamcom
perk menu perk_rifleman
path:npcd_module/spotters/perk_spotter/feat_callmark_activation_key_keybind, key:47, old:nil
set conflict ck:47 con:false
path:npcd_module/spotters/perk_teamcom/feat_reporting_activation_key_keybind, key:48, old:nil
set conflict ck:48 con:false
-[NPCD][Main][CONF]Initializing NPCD Printer for module npcd
[NPCD][Main][CONF]NPCD Printer for module npcd is enabled
[NPCD][MCM] npcd_get_setting logs logging_level
[NPCD][MCM] npcd_get_setting logs conf_logs
[NPCD][MCM] npcd_get_setting logs perk_logs
[NPCD][MCM] npcd_get_setting logs npc_logs
[NPCD][MCM] npcd_get_setting logs feat_logs
[NPCD][MCM] npcd_get_setting logs exec_logs
[NPCD][MCM] npcd_get_setting logs activ_logs
[NPCD][MCM] npcd_get_setting logs cooldown_logs
[NPCD][MCM] npcd_get_setting logs keybinds_logs
[NPCD][MCM] npcd_get_setting logs ui_logs
[NPCD][MCM] npcd_get_setting logs ui_action_logs
/[NPCD][Main][CONF]npcd_dialogs get_printer
/[NPCD][Main][CONF]npcd_actionbar get_printer
/[NPCD][Main][CONF]npcd get_printer
/[NPCD][Main][CONF]npcd_actionbar_hud get_printer
/[NPCD][Main][CONF]Updating NPCD Printer module npcd
[NPCD][MCM] npcd_get_setting logs npcd
[NPCD][Main][CONF]NPCD Printer for module npcd is enabled
/[NPCD][Main][CONF]npcd get_printer
-[NPCD][The Spotters][CONF]Initializing NPCD Printer for module spotters
[NPCD][The Spotters][CONF]NPCD Printer for module spotters is disabled
/[NPCD][Main][CONF]npcd_manager get_printer
/[NPCD][Main][CONF]npcd_dashboard get_printer
/[NPCD][Main][CONF]npcd_pda_dashboard get_printer
/[NPCD][Main][CONF]npcd_notifications get_printer
/[NPCD][The Spotters][CONF]Updating NPCD Printer module spotters
[NPCD][The Spotters][CONF]NPCD Printer for module spotters is disabled
/[NPCD][Main][CONF]npcd_input get_printer
/[NPCD][Main][CONF]zz_npcd_mp get_printer
/[NPCD][Main][CONF]npcd_mcm get_printer
npcd_hud get_printer callback
/[NPCD][Main][CONF]npcd_hud get_printer
/[NPCD][Main][CONF]npcd_ui_fx get_printer
npcd_squad get_printer callback
/[NPCD][Main][CONF]npcd_squad get_printer
/[NPCD][Main][CONF]npcd_relations get_printer
$[NPCD][Main] npcd on_game_start
$[NPCD][Main] npcd_actionbar on_game_start
$[NPCD][Main] npcd_hud on_game_start
$[NPCD][Main] npcd_dialogs on_game_start
$[NPCD][Main] npcd_input_manager on_game_start
$[NPCD][Main] npcd_logging on_game_start
$[NPCD][MAIN] npcd_manager on_game_start
[NPCD][Main][CONF]npcd_get_setting main news
[NPCD][Main][CONF]npcd_get_setting main notifications
[NPCD][Main][CONF]npcd_get_setting main display_time
$[NPCD][Main] npcd_squad on_game_start
npcd_squad get_printer callback
# Loading ini: misc\smart_profiles.ltx
$[NPCD][Spotter] spotters on_game_start
$[NPCD][Spotters] spotters_mcm on_game_start
-[NPCD][MAIN] Manager register module spotters
/[NPCD][Main][CONF]add module spotters perks
/[NPCD][Main][CONF]update module spotters perks
end setup
$[NPCD][Main] zz_npcd_mp on_game_start
exec_console_cmd slot_0 medkit
exec_console_cmd slot_1 bandage
exec_console_cmd slot_2 medkit_army
exec_console_cmd slot_3 stimpack
* phase time: 3216 ms
* phase cmem: 850488 K
* phase time: 58 ms
* phase cmem: 850491 K
loading mdata
# LOADING: Water deprivation | last_drink: 150
# LOADING: NPC items | number of saved npcs: 0
# LOADING: Sleep deprivation | last_sleep: 135
$ NPE Load State
-[NPCD][Main][CONF]NPCDeck State - Loading
[NPCD][Main][CONF]TABLE: | 10430 | 
-- NPCDeck
{
	[19455] = {
		['recruited'] = false,
		['id'] = 19455,
		['show_profile'] = false,
		['alive'] = true,
		['Perk'] = {
			['perk_sportshooter'] = {
				['enabled'] = false,
				['id'] = 'perk_sportshooter'
			},
			['perk_spotter'] = {
				['enabled'] = false,
				['id'] = 'perk_spotter'
			},
			['perk_teamcom'] = {
				['enabled'] = false,
				['id'] = 'perk_teamcom'
			},
			['perk_rifleman'] = {
				['enabled'] = false,
				['id'] = 'perk_rifleman'
			}
		},
		['Ability'] = {
 
		},
		['Characteristics'] = {
			['energy'] = 90,
			['marksmanship'] = 75,
			['survival'] = 65,
			['comradery'] = 64,
			['capacity'] = 57,
			['resolve'] = 90,
			['recuperation'] = 41
		},
		['Info'] = {
			['can_recruit'] = false
		},
		['has_profile'] = true
	},
	[19375] = {
		['recruited'] = true,
		['id'] = 19375,
		['show_profile'] = false,
		['alive'] = true,
		['Perk'] = {
			['perk_sportshooter'] = {
				['enabled'] = true,
				['id'] = 'perk_sportshooter'
			},
			['perk_spotter'] = {
				['enabled'] = true,
				['id'] = 'perk_spotter'
			},
			['perk_rifleman'] = {
				['enabled'] = true,
				['id'] = 'perk_rifleman'
			}
		},
		['Ability'] = {
			['spotters_perk_spotter_feat_spot'] = {
				['feat_id'] = 'feat_spot',
				['icon'] = 'ui_icons_spotter_crosshair_gradient',
				['id'] = 'spotters_perk_spotter_feat_spot',
				['mode'] = 'st_npcd_feat_mode_auto',
				['state'] = 'READY',
				['registered'] = false,
				['icon_slot'] = 'ui_icons_spotter_crosshair_gradient',
				['enabled'] = false,
				['cooldown'] = 30,
				['timer'] = -9999
			},
			['spotters_perk_sportshooter_feat_dikecstance'] = {
				['feat_id'] = 'feat_dikecstance',
				['icon'] = 'ui_dikec_hud_bw',
				['id'] = 'spotters_perk_sportshooter_feat_dikecstance',
				['mode'] = 'st_npcd_feat_mode_stance',
				['state'] = 'READY',
				['registered'] = false,
				['icon_slot'] = 'ui_dikec_hud_bw',
				['enabled'] = false,
				['cooldown'] = 1,
				['timer'] = -9999
			},
			['spotters_perk_rifleman_feat_rifleman'] = {
				['feat_id'] = 'feat_rifleman',
				['icon'] = 'ui_rifleman_hud_bw',
				['id'] = 'spotters_perk_rifleman_feat_rifleman',
				['mode'] = 'st_npcd_feat_mode_event',
				['state'] = 'READY',
				['registered'] = false,
				['icon_slot'] = 'ui_rifleman_hud_bw',
				['enabled'] = false,
				['cooldown'] = 1,
				['timer'] = -9999
			},
			['spotters_perk_spotter_feat_callmark'] = {
				['feat_id'] = 'feat_callmark',
				['icon'] = 'ui_icons_spotter_pin_redskull',
				['id'] = 'spotters_perk_spotter_feat_callmark',
				['mode'] = 'st_npcd_feat_mode_manual',
				['state'] = 'READY',
				['registered'] = false,
				['icon_slot'] = 'ui_icons_spotter_pin_redskull',
				['enabled'] = false,
				['cooldown'] = 180,
				['timer'] = -9999
			}
		},
		['Characteristics'] = {
			['energy'] = 96,
			['marksmanship'] = 75,
			['survival'] = 52,
			['comradery'] = 47,
			['capacity'] = 42,
			['resolve'] = 83,
			['recuperation'] = 77
		},
		['Info'] = {
			['can_recruit'] = false,
			['last_joined'] = { Y=2018, M=10, D=25, h=9, m=21, s=23, ms=460 } ,
			['last_place_seen'] = 'in Cordon, near the rookie village',
			['last_time_seen'] = { Y=2018, M=10, D=25, h=9, m=21, s=23, ms=460 } 
		},
		['has_profile'] = true
	},
	[27543] = {
		['recruited'] = false,
		['id'] = 27543,
		['show_profile'] = false,
		['alive'] = true,
		['Perk'] = {
			['perk_teamcom'] = {
				['enabled'] = false,
				['id'] = 'perk_teamcom'
			},
			['perk_spotter'] = {
				['enabled'] = false,
				['id'] = 'perk_spotter'
			},
			['perk_deadeye'] = {
				['enabled'] = false,
				['id'] = 'perk_deadeye'
			},
			['perk_rifleman'] = {
				['enabled'] = false,
				['id'] = 'perk_rifleman'
			}
		},
		['Ability'] = {
 
		},
		['Characteristics'] = {
			['energy'] = 84,
			['marksmanship'] = 72,
			['survival'] = 70,
			['comradery'] = 37,
			['capacity'] = 79,
			['resolve'] = 62,
			['recuperation'] = 54
		},
		['Info'] = {
			['can_recruit'] = false
		},
		['has_profile'] = true
	},
	[19400] = {
		['recruited'] = false,
		['id'] = 19400,
		['show_profile'] = false,
		['alive'] = true,
		['Perk'] = {
			['perk_teamcom'] = {
				['enabled'] = false,
				['id'] = 'perk_teamcom'
			},
			['perk_spotter'] = {
				['enabled'] = false,
				['id'] = 'perk_spotter'
			},
			['perk_sportshooter'] = {
				['enabled'] = false,
				['id'] = 'perk_sportshooter'
			},
			['perk_rifleman'] = {
				['enabled'] = false,
				['id'] = 'perk_rifleman'
			}
		},
		['Ability'] = {
 
		},
		['Characteristics'] = {
			['energy'] = 79,
			['marksmanship'] = 77,
			['survival'] = 87,
			['comradery'] = 22,
			['capacity'] = 70,
			['resolve'] = 54,
			['recuperation'] = 69
		},
		['Info'] = {
			['can_recruit'] = false
		},
		['has_profile'] = true
	},
	[19449] = {
		['recruited'] = false,
		['id'] = 19449,
		['show_profile'] = false,
		['alive'] = true,
		['Perk'] = {
			['perk_teamcom'] = {
				['enabled'] = false,
				['id'] = 'perk_teamcom'
			},
			['perk_deadeye'] = {
				['enabled'] = false,
				['id'] = 'perk_deadeye'
			},
			['perk_spotter'] = {
				['enabled'] = false,
				['id'] = 'perk_spotter'
			},
			['perk_cybereye'] = {
				['enabled'] = false,
				['id'] = 'perk_cybereye'
			},
			['perk_rifleman'] = {
				['enabled'] = false,
				['id'] = 'perk_rifleman'
			}
		},
		['Ability'] = {
 
		},
		['Characteristics'] = {
			['energy'] = 66,
			['marksmanship'] = 96,
			['survival'] = 69,
			['comradery'] = 65,
			['capacity'] = 62,
			['resolve'] = 70,
			['recuperation'] = 54
		},
		['Info'] = {
			['can_recruit'] = false
		},
		['has_profile'] = true
	},
	[19345] = {
		['recruited'] = true,
		['id'] = 19345,
		['show_profile'] = false,
		['alive'] = true,
		['Perk'] = {
			['perk_sportshooter'] = {
				['enabled'] = true,
				['id'] = 'perk_sportshooter'
			},
			['perk_spotter'] = {
				['enabled'] = true,
				['id'] = 'perk_spotter'
			},
			['perk_deadeye'] = {
				['enabled'] = true,
				['id'] = 'perk_deadeye'
			},
			['perk_rifleman'] = {
				['enabled'] = true,
				['id'] = 'perk_rifleman'
			}
		},
		['Ability'] = {
			['spotters_perk_sportshooter_feat_dikecstance'] = {
				['feat_id'] = 'feat_dikecstance',
				['icon'] = 'ui_dikec_hud_bw',
				['id'] = 'spotters_perk_sportshooter_feat_dikecstance',
				['mode'] = 'st_npcd_feat_mode_stance',
				['state'] = 'READY',
				['registered'] = true,
				['icon_slot'] = 'ui_dikec_hud_bw',
				['enabled'] = false,
				['cooldown'] = 1,
				['timer'] = -9999
			},
			['spotters_perk_spotter_feat_spot'] = {
				['feat_id'] = 'feat_spot',
				['icon'] = 'ui_icons_spotter_crosshair_gradient',
				['id'] = 'spotters_perk_spotter_feat_spot',
				['mode'] = 'st_npcd_feat_mode_auto',
				['state'] = 'READY',
				['registered'] = true,
				['icon_slot'] = 'ui_icons_spotter_crosshair_gradient',
				['enabled'] = false,
				['cooldown'] = 20,
				['timer'] = -9999
			},
			['spotters_perk_rifleman_feat_rifleman'] = {
				['feat_id'] = 'feat_rifleman',
				['icon'] = 'ui_rifleman_hud_bw',
				['id'] = 'spotters_perk_rifleman_feat_rifleman',
				['mode'] = 'st_npcd_feat_mode_event',
				['state'] = 'READY',
				['registered'] = true,
				['icon_slot'] = 'ui_rifleman_hud_bw',
				['enabled'] = false,
				['cooldown'] = 1,
				['timer'] = -9999
			},
			['spotters_perk_deadeye_feat_deadeye'] = {
				['feat_id'] = 'feat_deadeye',
				['icon'] = 'ui_icons_spotter_pin_impobj_person',
				['id'] = 'spotters_perk_deadeye_feat_deadeye',
				['mode'] = 'st_npcd_feat_mode_event',
				['state'] = 'READY',
				['registered'] = true,
				['icon_slot'] = 'ui_icons_spotter_pin_impobj_person',
				['enabled'] = false,
				['cooldown'] = 1,
				['timer'] = -9999
			},
			['spotters_perk_spotter_feat_callmark'] = {
				['feat_id'] = 'feat_callmark',
				['icon'] = 'ui_icons_spotter_pin_redskull',
				['id'] = 'spotters_perk_spotter_feat_callmark',
				['mode'] = 'st_npcd_feat_mode_manual',
				['state'] = 'READY',
				['registered'] = true,
				['icon_slot'] = 'ui_icons_spotter_pin_redskull',
				['enabled'] = false,
				['cooldown'] = 150,
				['timer'] = -9999
			}
		},
		['Characteristics'] = {
			['energy'] = 75,
			['marksmanship'] = 91,
			['survival'] = 81,
			['comradery'] = 62,
			['capacity'] = 77,
			['resolve'] = 51,
			['recuperation'] = 57
		},
		['Info'] = {
			['can_recruit'] = false,
			['last_joined'] = { Y=2018, M=10, D=25, h=9, m=22, s=15, ms=660 } ,
			['last_place_seen'] = 'in Cordon, north-west of the rookie village',
			['last_time_seen'] = { Y=2018, M=10, D=25, h=9, m=22, s=15, ms=660 } 
		},
		['has_profile'] = true
	},
	[19369] = {
		['recruited'] = true,
		['id'] = 19369,
		['show_profile'] = true,
		['alive'] = true,
		['Perk'] = {
			['perk_deadeye'] = {
				['enabled'] = true,
				['id'] = 'perk_deadeye'
			},
			['perk_spotter'] = {
				['enabled'] = true,
				['id'] = 'perk_spotter'
			},
			['perk_teamcom'] = {
				['enabled'] = true,
				['id'] = 'perk_teamcom'
			}
		},
		['Ability'] = {
			['spotters_perk_spotter_feat_callmark'] = {
				['feat_id'] = 'feat_callmark',
				['icon'] = 'ui_icons_spotter_pin_redskull',
				['id'] = 'spotters_perk_spotter_feat_callmark',
				['mode'] = 'st_npcd_feat_mode_manual',
				['state'] = 'READY',
				['registered'] = false,
				['icon_slot'] = 'ui_icons_spotter_pin_redskull',
				['enabled'] = false,
				['cooldown'] = 180,
				['timer'] = -9999
			},
			['spotters_perk_deadeye_feat_deadeye'] = {
				['feat_id'] = 'feat_deadeye',
				['icon'] = 'ui_icons_spotter_pin_impobj_person',
				['id'] = 'spotters_perk_deadeye_feat_deadeye',
				['mode'] = 'st_npcd_feat_mode_event',
				['state'] = 'READY',
				['registered'] = false,
				['icon_slot'] = 'ui_icons_spotter_pin_impobj_person',
				['enabled'] = false,
				['cooldown'] = 1,
				['timer'] = -9999
			},
			['spotters_perk_spotter_feat_spot'] = {
				['feat_id'] = 'feat_spot',
				['icon'] = 'ui_icons_spotter_crosshair_gradient',
				['id'] = 'spotters_perk_spotter_feat_spot',
				['mode'] = 'st_npcd_feat_mode_auto',
				['state'] = 'READY',
				['registered'] = false,
				['icon_slot'] = 'ui_icons_spotter_crosshair_gradient',
				['enabled'] = false,
				['cooldown'] = 30,
				['timer'] = -9999
			},
			['spotters_perk_teamcom_feat_reporting'] = {
				['feat_id'] = 'feat_reporting',
				['icon'] = 'ui_icons_spotter_btn_set',
				['id'] = 'spotters_perk_teamcom_feat_reporting',
				['mode'] = 'st_npcd_feat_mode_modal',
				['state'] = 'READY',
				['registered'] = true,
				['icon_slot'] = 'ui_icons_spotter_btn_set',
				['enabled'] = false,
				['cooldown'] = 1,
				['timer'] = -9999
			}
		},
		['Characteristics'] = {
			['energy'] = 97,
			['marksmanship'] = 75,
			['survival'] = 50,
			['comradery'] = 30,
			['capacity'] = 68,
			['resolve'] = 89,
			['recuperation'] = 74
		},
		['Info'] = {
			['last_place_seen'] = 'in Cordon, near the rookie village',
			['can_recruit'] = true,
			['last_time_seen'] = { Y=2018, M=10, D=25, h=9, m=21, s=23, ms=460 } ,
			['last_joined'] = { Y=2018, M=10, D=25, h=9, m=21, s=23, ms=460 } 
		},
		['has_profile'] = true
	},
	[19410] = {
		['recruited'] = false,
		['id'] = 19410,
		['show_profile'] = false,
		['alive'] = true,
		['Perk'] = {
			['perk_deadeye'] = {
				['enabled'] = false,
				['id'] = 'perk_deadeye'
			},
			['perk_spotter'] = {
				['enabled'] = false,
				['id'] = 'perk_spotter'
			},
			['perk_sportshooter'] = {
				['enabled'] = false,
				['id'] = 'perk_sportshooter'
			},
			['perk_rifleman'] = {
				['enabled'] = false,
				['id'] = 'perk_rifleman'
			}
		},
		['Ability'] = {
 
		},
		['Characteristics'] = {
			['energy'] = 95,
			['marksmanship'] = 73,
			['survival'] = 70,
			['comradery'] = 60,
			['capacity'] = 47,
			['resolve'] = 51,
			['recuperation'] = 49
		},
		['Info'] = {
			['can_recruit'] = false
		},
		['has_profile'] = true
	},
	[19378] = {
		['recruited'] = true,
		['id'] = 19378,
		['show_profile'] = false,
		['alive'] = true,
		['Perk'] = {
			['perk_deadeye'] = {
				['enabled'] = true,
				['id'] = 'perk_deadeye'
			},
			['perk_spotter'] = {
				['enabled'] = true,
				['id'] = 'perk_spotter'
			},
			['perk_teamcom'] = {
				['enabled'] = true,
				['id'] = 'perk_teamcom'
			},
			['perk_rifleman'] = {
				['enabled'] = true,
				['id'] = 'perk_rifleman'
			}
		},
		['Ability'] = {
			['spotters_perk_deadeye_feat_deadeye'] = {
				['feat_id'] = 'feat_deadeye',
				['icon'] = 'ui_icons_spotter_pin_impobj_person',
				['id'] = 'spotters_perk_deadeye_feat_deadeye',
				['mode'] = 'st_npcd_feat_mode_event',
				['state'] = 'READY',
				['registered'] = false,
				['icon_slot'] = 'ui_icons_spotter_pin_impobj_person',
				['enabled'] = false,
				['cooldown'] = 1,
				['timer'] = -9999
			},
			['spotters_perk_teamcom_feat_reporting'] = {
				['feat_id'] = 'feat_reporting',
				['icon'] = 'ui_icons_spotter_btn_set',
				['id'] = 'spotters_perk_teamcom_feat_reporting',
				['mode'] = 'st_npcd_feat_mode_modal',
				['state'] = 'READY',
				['registered'] = false,
				['icon_slot'] = 'ui_icons_spotter_btn_set',
				['enabled'] = false,
				['cooldown'] = 1,
				['timer'] = -9999
			},
			['spotters_perk_rifleman_feat_rifleman'] = {
				['feat_id'] = 'feat_rifleman',
				['icon'] = 'ui_rifleman_hud_bw',
				['id'] = 'spotters_perk_rifleman_feat_rifleman',
				['mode'] = 'st_npcd_feat_mode_event',
				['state'] = 'READY',
				['registered'] = false,
				['icon_slot'] = 'ui_rifleman_hud_bw',
				['enabled'] = false,
				['cooldown'] = 1,
				['timer'] = -9999
			},
			['spotters_perk_spotter_feat_spot'] = {
				['feat_id'] = 'feat_spot',
				['icon'] = 'ui_icons_spotter_crosshair_gradient',
				['id'] = 'spotters_perk_spotter_feat_spot',
				['mode'] = 'st_npcd_feat_mode_auto',
				['state'] = 'READY',
				['registered'] = false,
				['icon_slot'] = 'ui_icons_spotter_crosshair_gradient',
				['enabled'] = false,
				['cooldown'] = 30,
				['timer'] = -9999
			},
			['spotters_perk_spotter_feat_callmark'] = {
				['feat_id'] = 'feat_callmark',
				['icon'] = 'ui_icons_spotter_pin_redskull',
				['id'] = 'spotters_perk_spotter_feat_callmark',
				['mode'] = 'st_npcd_feat_mode_manual',
				['state'] = 'READY',
				['registered'] = false,
				['icon_slot'] = 'ui_icons_spotter_pin_redskull',
				['enabled'] = false,
				['cooldown'] = 180,
				['timer'] = -9999
			}
		},
		['Characteristics'] = {
			['energy'] = 82,
			['marksmanship'] = 87,
			['survival'] = 57,
			['comradery'] = 41,
			['capacity'] = 45,
			['resolve'] = 80,
			['recuperation'] = 52
		},
		['Info'] = {
			['can_recruit'] = false,
			['last_joined'] = { Y=2018, M=10, D=25, h=9, m=21, s=23, ms=460 } ,
			['last_place_seen'] = 'in Cordon, near the rookie village',
			['last_time_seen'] = { Y=2018, M=10, D=25, h=9, m=21, s=23, ms=460 } 
		},
		['has_profile'] = true
	},
	[19415] = {
		['recruited'] = false,
		['id'] = 19415,
		['show_profile'] = false,
		['alive'] = true,
		['Perk'] = {
			['perk_teamcom'] = {
				['enabled'] = false,
				['id'] = 'perk_teamcom'
			},
			['perk_deadeye'] = {
				['enabled'] = false,
				['id'] = 'perk_deadeye'
			},
			['perk_cybereye'] = {
				['enabled'] = false,
				['id'] = 'perk_cybereye'
			},
			['perk_rifleman'] = {
				['enabled'] = false,
				['id'] = 'perk_rifleman'
			}
		},
		['Ability'] = {
 
		},
		['Characteristics'] = {
			['energy'] = 71,
			['marksmanship'] = 96,
			['survival'] = 88,
			['comradery'] = 69,
			['capacity'] = 80,
			['resolve'] = 87,
			['recuperation'] = 46
		},
		['Info'] = {
			['can_recruit'] = false
		},
		['has_profile'] = true
	},
	[27570] = {
		['recruited'] = false,
		['id'] = 27570,
		['show_profile'] = false,
		['alive'] = true,
		['Perk'] = {
			['perk_sportshooter'] = {
				['enabled'] = false,
				['id'] = 'perk_sportshooter'
			},
			['perk_spotter'] = {
				['enabled'] = false,
				['id'] = 'perk_spotter'
			},
			['perk_teamcom'] = {
				['enabled'] = false,
				['id'] = 'perk_teamcom'
			},
			['perk_rifleman'] = {
				['enabled'] = false,
				['id'] = 'perk_rifleman'
			}
		},
		['Ability'] = {
 
		},
		['Characteristics'] = {
			['energy'] = 85,
			['marksmanship'] = 79,
			['survival'] = 51,
			['comradery'] = 38,
			['capacity'] = 53,
			['resolve'] = 69,
			['recuperation'] = 41
		},
		['Info'] = {
			['can_recruit'] = false
		},
		['has_profile'] = true
	},
	[19452] = {
		['recruited'] = false,
		['id'] = 19452,
		['show_profile'] = false,
		['alive'] = true,
		['Perk'] = {
			['perk_teamcom'] = {
				['enabled'] = false,
				['id'] = 'perk_teamcom'
			},
			['perk_deadeye'] = {
				['enabled'] = false,
				['id'] = 'perk_deadeye'
			},
			['perk_spotter'] = {
				['enabled'] = false,
				['id'] = 'perk_spotter'
			},
			['perk_cybereye'] = {
				['enabled'] = false,
				['id'] = 'perk_cybereye'
			},
			['perk_rifleman'] = {
				['enabled'] = false,
				['id'] = 'perk_rifleman'
			}
		},
		['Ability'] = {
 
		},
		['Characteristics'] = {
			['energy'] = 95,
			['marksmanship'] = 72,
			['survival'] = 72,
			['comradery'] = 42,
			['capacity'] = 59,
			['resolve'] = 58,
			['recuperation'] = 50
		},
		['Info'] = {
			['can_recruit'] = false
		},
		['has_profile'] = true
	},
	[19372] = {
		['recruited'] = true,
		['id'] = 19372,
		['show_profile'] = false,
		['alive'] = true,
		['Perk'] = {
			['perk_deadeye'] = {
				['enabled'] = true,
				['id'] = 'perk_deadeye'
			},
			['perk_spotter'] = {
				['enabled'] = true,
				['id'] = 'perk_spotter'
			},
			['perk_sportshooter'] = {
				['enabled'] = true,
				['id'] = 'perk_sportshooter'
			}
		},
		['Ability'] = {
			['spotters_perk_spotter_feat_spot'] = {
				['feat_id'] = 'feat_spot',
				['icon'] = 'ui_icons_spotter_crosshair_gradient',
				['id'] = 'spotters_perk_spotter_feat_spot',
				['mode'] = 'st_npcd_feat_mode_auto',
				['state'] = 'READY',
				['registered'] = false,
				['icon_slot'] = 'ui_icons_spotter_crosshair_gradient',
				['enabled'] = false,
				['cooldown'] = 30,
				['timer'] = -9999
			},
			['spotters_perk_deadeye_feat_deadeye'] = {
				['feat_id'] = 'feat_deadeye',
				['icon'] = 'ui_icons_spotter_pin_impobj_person',
				['id'] = 'spotters_perk_deadeye_feat_deadeye',
				['mode'] = 'st_npcd_feat_mode_event',
				['state'] = 'READY',
				['registered'] = false,
				['icon_slot'] = 'ui_icons_spotter_pin_impobj_person',
				['enabled'] = false,
				['cooldown'] = 1,
				['timer'] = -9999
			},
			['spotters_perk_sportshooter_feat_dikecstance'] = {
				['feat_id'] = 'feat_dikecstance',
				['icon'] = 'ui_dikec_hud_bw',
				['id'] = 'spotters_perk_sportshooter_feat_dikecstance',
				['mode'] = 'st_npcd_feat_mode_stance',
				['state'] = 'READY',
				['registered'] = false,
				['icon_slot'] = 'ui_dikec_hud_bw',
				['enabled'] = false,
				['cooldown'] = 1,
				['timer'] = -9999
			},
			['spotters_perk_spotter_feat_callmark'] = {
				['feat_id'] = 'feat_callmark',
				['icon'] = 'ui_icons_spotter_pin_redskull',
				['id'] = 'spotters_perk_spotter_feat_callmark',
				['mode'] = 'st_npcd_feat_mode_manual',
				['state'] = 'READY',
				['registered'] = false,
				['icon_slot'] = 'ui_icons_spotter_pin_redskull',
				['enabled'] = false,
				['cooldown'] = 180,
				['timer'] = -9999
			}
		},
		['Characteristics'] = {
			['energy'] = 63,
			['marksmanship'] = 82,
			['survival'] = 61,
			['comradery'] = 54,
			['capacity'] = 63,
			['resolve'] = 90,
			['recuperation'] = 57
		},
		['Info'] = {
			['can_recruit'] = false,
			['last_joined'] = { Y=2018, M=10, D=25, h=9, m=21, s=23, ms=460 } ,
			['last_place_seen'] = 'in Cordon, near the rookie village',
			['last_time_seen'] = { Y=2018, M=10, D=25, h=9, m=21, s=23, ms=460 } 
		},
		['has_profile'] = true
	},
	[19405] = {
		['recruited'] = false,
		['id'] = 19405,
		['show_profile'] = false,
		['alive'] = true,
		['Perk'] = {
			['perk_sportshooter'] = {
				['enabled'] = false,
				['id'] = 'perk_sportshooter'
			},
			['perk_spotter'] = {
				['enabled'] = false,
				['id'] = 'perk_spotter'
			},
			['perk_teamcom'] = {
				['enabled'] = false,
				['id'] = 'perk_teamcom'
			},
			['perk_rifleman'] = {
				['enabled'] = false,
				['id'] = 'perk_rifleman'
			}
		},
		['Ability'] = {
 
		},
		['Characteristics'] = {
			['energy'] = 96,
			['marksmanship'] = 99,
			['survival'] = 80,
			['comradery'] = 29,
			['capacity'] = 44,
			['resolve'] = 68,
			['recuperation'] = 68
		},
		['Info'] = {
			['can_recruit'] = false
		},
		['has_profile'] = true
	},
	[27563] = {
		['recruited'] = false,
		['id'] = 27563,
		['show_profile'] = false,
		['alive'] = true,
		['Perk'] = {
			['perk_deadeye'] = {
				['enabled'] = false,
				['id'] = 'perk_deadeye'
			},
			['perk_spotter'] = {
				['enabled'] = false,
				['id'] = 'perk_spotter'
			},
			['perk_teamcom'] = {
				['enabled'] = false,
				['id'] = 'perk_teamcom'
			},
			['perk_rifleman'] = {
				['enabled'] = false,
				['id'] = 'perk_rifleman'
			}
		},
		['Ability'] = {
 
		},
		['Characteristics'] = {
			['energy'] = 78,
			['marksmanship'] = 82,
			['survival'] = 59,
			['comradery'] = 28,
			['capacity'] = 67,
			['resolve'] = 52,
			['recuperation'] = 40
		},
		['Info'] = {
			['can_recruit'] = false
		},
		['has_profile'] = true
	},
	[19396] = {
		['recruited'] = false,
		['id'] = 19396,
		['show_profile'] = false,
		['alive'] = true,
		['Perk'] = {
			['perk_sportshooter'] = {
				['enabled'] = false,
				['id'] = 'perk_sportshooter'
			},
			['perk_spotter'] = {
				['enabled'] = false,
				['id'] = 'perk_spotter'
			},
			['perk_teamcom'] = {
				['enabled'] = false,
				['id'] = 'perk_teamcom'
			},
			['perk_rifleman'] = {
				['enabled'] = false,
				['id'] = 'perk_rifleman'
			}
		},
		['Ability'] = {
 
		},
		['Characteristics'] = {
			['energy'] = 83,
			['marksmanship'] = 76,
			['survival'] = 78,
			['comradery'] = 58,
			['capacity'] = 59,
			['resolve'] = 82,
			['recuperation'] = 41
		},
		['Info'] = {
			['can_recruit'] = false
		},
		['has_profile'] = true
	},
	[19340] = {
		['recruited'] = false,
		['id'] = 19340,
		['show_profile'] = false,
		['alive'] = true,
		['Perk'] = {
			['perk_teamcom'] = {
				['enabled'] = false,
				['id'] = 'perk_teamcom'
			},
			['perk_spotter'] = {
				['enabled'] = false,
				['id'] = 'perk_spotter'
			},
			['perk_deadeye'] = {
				['enabled'] = false,
				['id'] = 'perk_deadeye'
			},
			['perk_rifleman'] = {
				['enabled'] = false,
				['id'] = 'perk_rifleman'
			}
		},
		['Ability'] = {
 
		},
		['Characteristics'] = {
			['energy'] = 98,
			['marksmanship'] = 89,
			['survival'] = 71,
			['comradery'] = 20,
			['capacity'] = 40,
			['resolve'] = 87,
			['recuperation'] = 63
		},
		['Info'] = {
			['can_recruit'] = false
		},
		['has_profile'] = true
	},
	[19424] = {
		['recruited'] = false,
		['id'] = 19424,
		['show_profile'] = false,
		['alive'] = true,
		['Perk'] = {
			['perk_deadeye'] = {
				['enabled'] = false,
				['id'] = 'perk_deadeye'
			},
			['perk_sportshooter'] = {
				['enabled'] = false,
				['id'] = 'perk_sportshooter'
			}
		},
		['Ability'] = {
 
		},
		['Characteristics'] = {
			['energy'] = 91,
			['marksmanship'] = 89,
			['survival'] = 82,
			['comradery'] = 65,
			['capacity'] = 80,
			['resolve'] = 57,
			['recuperation'] = 78
		},
		['Info'] = {
			['can_recruit'] = false
		},
		['has_profile'] = true
	},
	[19389] = {
		['recruited'] = false,
		['id'] = 19389,
		['show_profile'] = false,
		['alive'] = true,
		['Perk'] = {
			['perk_rifleman'] = {
				['enabled'] = false,
				['id'] = 'perk_rifleman'
			},
			['perk_spotter'] = {
				['enabled'] = false,
				['id'] = 'perk_spotter'
			}
		},
		['Ability'] = {
 
		},
		['Characteristics'] = {
			['energy'] = 88,
			['marksmanship'] = 72,
			['survival'] = 75,
			['comradery'] = 46,
			['capacity'] = 41,
			['resolve'] = 71,
			['recuperation'] = 76
		},
		['Info'] = {
			['can_recruit'] = false
		},
		['has_profile'] = true
	},
	[19445] = {
		['recruited'] = false,
		['id'] = 19445,
		['show_profile'] = false,
		['alive'] = true,
		['Perk'] = {
			['perk_sportshooter'] = {
				['enabled'] = false,
				['id'] = 'perk_sportshooter'
			},
			['perk_deadeye'] = {
				['enabled'] = false,
				['id'] = 'perk_deadeye'
			},
			['perk_spotter'] = {
				['enabled'] = false,
				['id'] = 'perk_spotter'
			},
			['perk_cybereye'] = {
				['enabled'] = false,
				['id'] = 'perk_cybereye'
			},
			['perk_rifleman'] = {
				['enabled'] = false,
				['id'] = 'perk_rifleman'
			}
		},
		['Ability'] = {
 
		},
		['Characteristics'] = {
			['energy'] = 100,
			['marksmanship'] = 99,
			['survival'] = 90,
			['comradery'] = 57,
			['capacity'] = 53,
			['resolve'] = 58,
			['recuperation'] = 44
		},
		['Info'] = {
			['can_recruit'] = false
		},
		['has_profile'] = true
	},
	[19357] = {
		['recruited'] = false,
		['id'] = 19357,
		['show_profile'] = false,
		['alive'] = true,
		['Perk'] = {
			['perk_teamcom'] = {
				['enabled'] = false,
				['id'] = 'perk_teamcom'
			},
			['perk_deadeye'] = {
				['enabled'] = false,
				['id'] = 'perk_deadeye'
			},
			['perk_spotter'] = {
				['enabled'] = false,
				['id'] = 'perk_spotter'
			},
			['perk_cybereye'] = {
				['enabled'] = false,
				['id'] = 'perk_cybereye'
			},
			['perk_rifleman'] = {
				['enabled'] = false,
				['id'] = 'perk_rifleman'
			}
		},
		['Ability'] = {
 
		},
		['Characteristics'] = {
			['energy'] = 97,
			['marksmanship'] = 79,
			['survival'] = 60,
			['comradery'] = 47,
			['capacity'] = 56,
			['resolve'] = 87,
			['recuperation'] = 50
		},
		['Info'] = {
			['can_recruit'] = false
		},
		['has_profile'] = true
	},
	[19429] = {
		['recruited'] = false,
		['id'] = 19429,
		['show_profile'] = false,
		['alive'] = true,
		['Perk'] = {
			['perk_teamcom'] = {
				['enabled'] = false,
				['id'] = 'perk_teamcom'
			},
			['perk_deadeye'] = {
				['enabled'] = false,
				['id'] = 'perk_deadeye'
			},
			['perk_spotter'] = {
				['enabled'] = false,
				['id'] = 'perk_spotter'
			},
			['perk_cybereye'] = {
				['enabled'] = false,
				['id'] = 'perk_cybereye'
			},
			['perk_rifleman'] = {
				['enabled'] = false,
				['id'] = 'perk_rifleman'
			}
		},
		['Ability'] = {
 
		},
		['Characteristics'] = {
			['energy'] = 82,
			['marksmanship'] = 71,
			['survival'] = 55,
			['comradery'] = 53,
			['capacity'] = 59,
			['resolve'] = 53,
			['recuperation'] = 74
		},
		['Info'] = {
			['can_recruit'] = false
		},
		['has_profile'] = true
	},
	[19441] = {
		['recruited'] = false,
		['id'] = 19441,
		['show_profile'] = false,
		['alive'] = true,
		['Perk'] = {
			['perk_teamcom'] = {
				['enabled'] = false,
				['id'] = 'perk_teamcom'
			},
			['perk_spotter'] = {
				['enabled'] = false,
				['id'] = 'perk_spotter'
			},
			['perk_rifleman'] = {
				['enabled'] = false,
				['id'] = 'perk_rifleman'
			}
		},
		['Ability'] = {
 
		},
		['Characteristics'] = {
			['energy'] = 63,
			['marksmanship'] = 80,
			['survival'] = 57,
			['comradery'] = 25,
			['capacity'] = 54,
			['resolve'] = 56,
			['recuperation'] = 65
		},
		['Info'] = {
			['can_recruit'] = false
		},
		['has_profile'] = true
	},
	[19436] = {
		['recruited'] = false,
		['id'] = 19436,
		['show_profile'] = false,
		['alive'] = true,
		['Perk'] = {
			['perk_sportshooter'] = {
				['enabled'] = false,
				['id'] = 'perk_sportshooter'
			},
			['perk_spotter'] = {
				['enabled'] = false,
				['id'] = 'perk_spotter'
			},
			['perk_teamcom'] = {
				['enabled'] = false,
				['id'] = 'perk_teamcom'
			}
		},
		['Ability'] = {
 
		},
		['Characteristics'] = {
			['energy'] = 62,
			['marksmanship'] = 74,
			['survival'] = 60,
			['comradery'] = 37,
			['capacity'] = 59,
			['resolve'] = 81,
			['recuperation'] = 77
		},
		['Info'] = {
			['can_recruit'] = false
		},
		['has_profile'] = true
	},
	[19382] = {
		['recruited'] = false,
		['id'] = 19382,
		['show_profile'] = false,
		['alive'] = true,
		['Perk'] = {
			['perk_sportshooter'] = {
				['enabled'] = false,
				['id'] = 'perk_sportshooter'
			},
			['perk_deadeye'] = {
				['enabled'] = false,
				['id'] = 'perk_deadeye'
			},
			['perk_spotter'] = {
				['enabled'] = false,
				['id'] = 'perk_spotter'
			},
			['perk_cybereye'] = {
				['enabled'] = false,
				['id'] = 'perk_cybereye'
			},
			['perk_rifleman'] = {
				['enabled'] = false,
				['id'] = 'perk_rifleman'
			}
		},
		['Ability'] = {
 
		},
		['Characteristics'] = {
			['energy'] = 67,
			['marksmanship'] = 96,
			['survival'] = 86,
			['comradery'] = 46,
			['capacity'] = 49,
			['resolve'] = 84,
			['recuperation'] = 72
		},
		['Info'] = {
			['can_recruit'] = false
		},
		['has_profile'] = true
	},
	[27567] = {
		['recruited'] = false,
		['id'] = 27567,
		['show_profile'] = false,
		['alive'] = true,
		['Perk'] = {
			['perk_sportshooter'] = {
				['enabled'] = false,
				['id'] = 'perk_sportshooter'
			},
			['perk_spotter'] = {
				['enabled'] = false,
				['id'] = 'perk_spotter'
			},
			['perk_deadeye'] = {
				['enabled'] = false,
				['id'] = 'perk_deadeye'
			},
			['perk_rifleman'] = {
				['enabled'] = false,
				['id'] = 'perk_rifleman'
			}
		},
		['Ability'] = {
 
		},
		['Characteristics'] = {
			['energy'] = 71,
			['marksmanship'] = 89,
			['survival'] = 74,
			['comradery'] = 28,
			['capacity'] = 67,
			['resolve'] = 69,
			['recuperation'] = 70
		},
		['Info'] = {
			['can_recruit'] = false
		},
		['has_profile'] = true
	},
	[19420] = {
		['recruited'] = false,
		['id'] = 19420,
		['show_profile'] = false,
		['alive'] = true,
		['Perk'] = {
			['perk_teamcom'] = {
				['enabled'] = false,
				['id'] = 'perk_teamcom'
			},
			['perk_spotter'] = {
				['enabled'] = false,
				['id'] = 'perk_spotter'
			},
			['perk_sportshooter'] = {
				['enabled'] = false,
				['id'] = 'perk_sportshooter'
			}
		},
		['Ability'] = {
 
		},
		['Characteristics'] = {
			['energy'] = 63,
			['marksmanship'] = 97,
			['survival'] = 50,
			['comradery'] = 24,
			['capacity'] = 73,
			['resolve'] = 77,
			['recuperation'] = 40
		},
		['Info'] = {
			['can_recruit'] = false
		},
		['has_profile'] = true
	}
}
[NPCD][Main][CONF]TABLE: | 10430 | 
-- NPCStats
{
	['Actor'] = {
 
	},
	['Perk'] = {
		['perk_deadeye'] = {
			['discovered'] = true
		},
		['perk_spotter'] = {
			['discovered'] = true
		},
		['perk_teamcom'] = {
			['discovered'] = true
		}
	},
	['Npcs'] = {
		[19369] = {
			['favorite'] = true
		}
	}
}
[NPCD][Main][CONF]TABLE: | 10430 | 
-- NPCs MCM Data
{
	[19455] = {
		['icon'] = 'ui_inGame2_bandit_6d',
		['id'] = 19455,
		['reputation'] = -2271,
		['rank'] = 3642,
		['rank_name'] = 'trainee',
		['squad_id'] = 19448,
		['standings'] = {
			['goodwill_personal'] = 0,
			['relation'] = 2,
			['goodwill_reputation'] = 0,
			['goodwill_actor_faction'] = 0,
			['sympathy'] = 0,
			['goodwill_rank'] = 0,
			['goodwill_communities'] = -2000,
			['attitude'] = -2000
		},
		['perk_rank'] = 1,
		['squad_commander'] = false,
		['name'] = 'Vadya Legalist',
		['community'] = 'bandit'
	},
	[19375] = {
		['icon'] = 'ui_inGame2_neutral_1_gas',
		['id'] = 19375,
		['reputation'] = 93,
		['rank'] = 688,
		['rank_name'] = 'novice',
		['squad_id'] = 19368,
		['community'] = 'stalker',
		['perk_rank'] = 1,
		['squad_commander'] = false,
		['name'] = 'Dmitro Burr',
		['standings'] = {
			['goodwill_personal'] = 0,
			['relation'] = 1,
			['goodwill_reputation'] = 300,
			['attitude'] = 300,
			['sympathy'] = 0,
			['goodwill_rank'] = 0,
			['goodwill_communities'] = 0,
			['goodwill_actor_faction'] = 0
		}
	},
	[27543] = {
		['icon'] = 'ui_inGame2_bandit_6l',
		['id'] = 27543,
		['reputation'] = -2396,
		['rank'] = 3077,
		['rank_name'] = 'novice',
		['squad_id'] = 27542,
		['standings'] = {
			['goodwill_personal'] = 0,
			['relation'] = 2,
			['goodwill_reputation'] = 0,
			['goodwill_actor_faction'] = 0,
			['sympathy'] = 0,
			['goodwill_rank'] = 0,
			['goodwill_communities'] = -2000,
			['attitude'] = -2000
		},
		['perk_rank'] = 1,
		['squad_commander'] = true,
		['name'] = 'Sashok Decadent',
		['community'] = 'bandit'
	},
	[19400] = {
		['icon'] = 'ui_inGame2_soldier_orange_mask',
		['id'] = 19400,
		['reputation'] = 1194,
		['rank'] = 13306,
		['rank_name'] = 'veteran',
		['squad_id'] = 19395,
		['standings'] = {
			['goodwill_personal'] = 0,
			['relation'] = 2,
			['goodwill_reputation'] = 0,
			['goodwill_actor_faction'] = 0,
			['sympathy'] = 0,
			['goodwill_rank'] = 0,
			['goodwill_communities'] = -2000,
			['attitude'] = -2000
		},
		['perk_rank'] = 3,
		['squad_commander'] = false,
		['name'] = 'Senior Sergeant Rotan',
		['community'] = 'army'
	},
	[19449] = {
		['icon'] = 'ui_inGame2_bandit_1a_mask',
		['id'] = 19449,
		['reputation'] = -1413,
		['rank'] = 1241,
		['rank_name'] = 'novice',
		['squad_id'] = 19448,
		['standings'] = {
			['goodwill_personal'] = 0,
			['relation'] = 2,
			['goodwill_reputation'] = 0,
			['goodwill_actor_faction'] = 0,
			['sympathy'] = 0,
			['goodwill_rank'] = 0,
			['goodwill_communities'] = -2000,
			['attitude'] = -2000
		},
		['perk_rank'] = 1,
		['squad_commander'] = true,
		['name'] = 'Arkasha Defunct',
		['community'] = 'bandit'
	},
	[19369] = {
		['icon'] = 'ui_inGame2_neutral_1',
		['id'] = 19369,
		['reputation'] = 223,
		['rank'] = 2859,
		['rank_name'] = 'novice',
		['squad_id'] = 19368,
		['community'] = 'stalker',
		['perk_rank'] = 1,
		['squad_commander'] = true,
		['name'] = 'Dmitro Janitor',
		['standings'] = {
			['goodwill_personal'] = 2000,
			['relation'] = 0,
			['goodwill_reputation'] = 300,
			['attitude'] = 2300,
			['sympathy'] = 0,
			['goodwill_rank'] = 0,
			['goodwill_communities'] = 0,
			['goodwill_actor_faction'] = 0
		}
	},
	[19420] = {
		['icon'] = 'ui_inGame2_soldier_3_beret_blue',
		['id'] = 19420,
		['reputation'] = 1557,
		['rank'] = 10732,
		['rank_name'] = 'professional',
		['squad_id'] = 19409,
		['standings'] = {
			['goodwill_personal'] = 0,
			['relation'] = 2,
			['goodwill_reputation'] = 0,
			['goodwill_actor_faction'] = 0,
			['sympathy'] = 0,
			['goodwill_rank'] = 0,
			['goodwill_communities'] = -2000,
			['attitude'] = -2000
		},
		['perk_rank'] = 2,
		['squad_commander'] = false,
		['name'] = 'Senior Lieutenant Bondarev',
		['community'] = 'army'
	},
	[19410] = {
		['icon'] = 'ui_inGame2_neutral_tactic',
		['id'] = 19410,
		['reputation'] = 2330,
		['rank'] = 16273,
		['rank_name'] = 'expert',
		['squad_id'] = 19409,
		['standings'] = {
			['goodwill_personal'] = 0,
			['relation'] = 2,
			['goodwill_reputation'] = 0,
			['goodwill_actor_faction'] = 0,
			['sympathy'] = 0,
			['goodwill_rank'] = 0,
			['goodwill_communities'] = -2000,
			['attitude'] = -2000
		},
		['perk_rank'] = 3,
		['squad_commander'] = true,
		['name'] = 'Captain Rychagirsky',
		['community'] = 'army'
	},
	[19378] = {
		['icon'] = 'ui_inGame2_neutral_a',
		['id'] = 19378,
		['reputation'] = -109,
		['rank'] = 799,
		['rank_name'] = 'novice',
		['squad_id'] = 19368,
		['community'] = 'stalker',
		['perk_rank'] = 1,
		['squad_commander'] = false,
		['name'] = 'German Root',
		['standings'] = {
			['goodwill_personal'] = 0,
			['relation'] = 1,
			['goodwill_reputation'] = 300,
			['attitude'] = 300,
			['sympathy'] = 0,
			['goodwill_rank'] = 0,
			['goodwill_communities'] = 0,
			['goodwill_actor_faction'] = 0
		}
	},
	[27567] = {
		['icon'] = 'ui_inGame2_neutral_0',
		['id'] = 27567,
		['reputation'] = -448,
		['rank'] = 3220,
		['rank_name'] = 'novice',
		['squad_id'] = 27566,
		['community'] = 'stalker',
		['perk_rank'] = 1,
		['squad_commander'] = true,
		['name'] = 'Ilya Bear',
		['standings'] = {
			['goodwill_personal'] = 0,
			['relation'] = 1,
			['goodwill_reputation'] = 300,
			['attitude'] = 300,
			['sympathy'] = 0,
			['goodwill_rank'] = 0,
			['goodwill_communities'] = 0,
			['goodwill_actor_faction'] = 0
		}
	},
	[27570] = {
		['icon'] = 'ui_inGame2_neutral_1_mask',
		['id'] = 27570,
		['reputation'] = 206,
		['rank'] = 2954,
		['rank_name'] = 'novice',
		['squad_id'] = 27566,
		['community'] = 'stalker',
		['perk_rank'] = 1,
		['squad_commander'] = false,
		['name'] = 'Filya Gloomy',
		['standings'] = {
			['goodwill_personal'] = 0,
			['relation'] = 1,
			['goodwill_reputation'] = 300,
			['attitude'] = 300,
			['sympathy'] = 0,
			['goodwill_rank'] = 0,
			['goodwill_communities'] = 0,
			['goodwill_actor_faction'] = 0
		}
	},
	[19415] = {
		['icon'] = 'ui_inGame2_Soldier_3',
		['id'] = 19415,
		['reputation'] = -337,
		['rank'] = 16326,
		['rank_name'] = 'expert',
		['squad_id'] = 19409,
		['standings'] = {
			['goodwill_personal'] = 0,
			['relation'] = 2,
			['goodwill_reputation'] = 300,
			['goodwill_actor_faction'] = 0,
			['sympathy'] = 0,
			['goodwill_rank'] = 0,
			['goodwill_communities'] = -2000,
			['attitude'] = -1700
		},
		['perk_rank'] = 3,
		['squad_commander'] = false,
		['name'] = 'Senior Lieutenant Muntyan',
		['community'] = 'army'
	},
	[19436] = {
		['icon'] = 'ui_inGame2_kashpirovsky',
		['id'] = 19436,
		['reputation'] = 1000,
		['rank'] = 1500,
		['rank_name'] = 'novice',
		['squad_id'] = 19435,
		['community'] = 'trader',
		['perk_rank'] = 1,
		['squad_commander'] = true,
		['name'] = 'Loris',
		['standings'] = {
			['goodwill_personal'] = 0,
			['relation'] = 1,
			['goodwill_reputation'] = 0,
			['attitude'] = 0,
			['sympathy'] = 0,
			['goodwill_rank'] = 0,
			['goodwill_communities'] = 0,
			['goodwill_actor_faction'] = 0
		}
	},
	[19441] = {
		['icon'] = 'ui_inGame2_neutral_tactic',
		['id'] = 19441,
		['reputation'] = -353,
		['rank'] = 4057,
		['rank_name'] = 'trainee',
		['squad_id'] = 19440,
		['community'] = 'stalker',
		['perk_rank'] = 1,
		['squad_commander'] = true,
		['name'] = 'Petro Dancer',
		['standings'] = {
			['goodwill_personal'] = 0,
			['relation'] = 1,
			['goodwill_reputation'] = 300,
			['attitude'] = 300,
			['sympathy'] = 0,
			['goodwill_rank'] = 0,
			['goodwill_communities'] = 0,
			['goodwill_actor_faction'] = 0
		}
	},
	[27563] = {
		['icon'] = 'ui_inGame2_bandit_6d',
		['id'] = 27563,
		['reputation'] = -2347,
		['rank'] = 6182,
		['rank_name'] = 'trainee',
		['squad_id'] = 27562,
		['standings'] = {
			['goodwill_personal'] = 0,
			['relation'] = 2,
			['goodwill_reputation'] = 0,
			['goodwill_actor_faction'] = 0,
			['sympathy'] = 0,
			['goodwill_rank'] = 0,
			['goodwill_communities'] = -2000,
			['attitude'] = -2000
		},
		['perk_rank'] = 1,
		['squad_commander'] = true,
		['name'] = 'Mikhas Slasher',
		['community'] = 'bandit'
	},
	[19396] = {
		['icon'] = 'ui_inGame2_soldier_green_mask',
		['id'] = 19396,
		['reputation'] = 765,
		['rank'] = 11029,
		['rank_name'] = 'professional',
		['squad_id'] = 19395,
		['standings'] = {
			['goodwill_personal'] = 0,
			['relation'] = 2,
			['goodwill_reputation'] = 100,
			['goodwill_actor_faction'] = 0,
			['sympathy'] = 0,
			['goodwill_rank'] = 0,
			['goodwill_communities'] = -2000,
			['attitude'] = -1900
		},
		['perk_rank'] = 2,
		['squad_commander'] = true,
		['name'] = 'Master Sergeant Sidorenko',
		['community'] = 'army'
	},
	[19372] = {
		['icon'] = 'ui_inGame2_neutral_1_mask',
		['id'] = 19372,
		['reputation'] = -481,
		['rank'] = 2547,
		['rank_name'] = 'novice',
		['squad_id'] = 19368,
		['community'] = 'stalker',
		['perk_rank'] = 1,
		['squad_commander'] = false,
		['name'] = 'Toshka Brownie',
		['standings'] = {
			['goodwill_personal'] = 0,
			['relation'] = 1,
			['goodwill_reputation'] = 300,
			['attitude'] = 300,
			['sympathy'] = 0,
			['goodwill_rank'] = 0,
			['goodwill_communities'] = 0,
			['goodwill_actor_faction'] = 0
		}
	},
	[19429] = {
		['icon'] = 'ui_inGame2_loner_tech',
		['id'] = 19429,
		['reputation'] = 784,
		['rank'] = 3139,
		['rank_name'] = 'novice',
		['squad_id'] = 19428,
		['community'] = 'stalker',
		['perk_rank'] = 1,
		['squad_commander'] = true,
		['name'] = 'Xenotech',
		['standings'] = {
			['goodwill_personal'] = 0,
			['relation'] = 1,
			['goodwill_reputation'] = 100,
			['attitude'] = 100,
			['sympathy'] = 0,
			['goodwill_rank'] = 0,
			['goodwill_communities'] = 0,
			['goodwill_actor_faction'] = 0
		}
	},
	[19357] = {
		['icon'] = 'ui_inGame2_wolf',
		['id'] = 19357,
		['reputation'] = 2453,
		['rank'] = 17568,
		['rank_name'] = 'master',
		['squad_id'] = 19356,
		['community'] = 'stalker',
		['perk_rank'] = 4,
		['squad_commander'] = true,
		['name'] = 'Wolf',
		['standings'] = {
			['goodwill_personal'] = 0,
			['relation'] = 1,
			['goodwill_reputation'] = 0,
			['attitude'] = 0,
			['sympathy'] = 0,
			['goodwill_rank'] = 0,
			['goodwill_communities'] = 0,
			['goodwill_actor_faction'] = 0
		}
	},
	[19405] = {
		['icon'] = 'ui_npc_u_stalker_militari_2',
		['id'] = 19405,
		['reputation'] = 318,
		['rank'] = 10478,
		['rank_name'] = 'professional',
		['squad_id'] = 19395,
		['standings'] = {
			['goodwill_personal'] = 0,
			['relation'] = 2,
			['goodwill_reputation'] = 300,
			['goodwill_actor_faction'] = 0,
			['sympathy'] = 0,
			['goodwill_rank'] = 0,
			['goodwill_communities'] = -2000,
			['attitude'] = -1700
		},
		['perk_rank'] = 2,
		['squad_commander'] = false,
		['name'] = 'Master Sergeant Sereda',
		['community'] = 'army'
	},
	[19389] = {
		['icon'] = 'ui_inGame2_Soldier_3',
		['id'] = 19389,
		['reputation'] = -1500,
		['rank'] = 1900,
		['rank_name'] = 'novice',
		['squad_id'] = 19388,
		['standings'] = {
			['goodwill_personal'] = 0,
			['relation'] = 2,
			['goodwill_reputation'] = 0,
			['goodwill_actor_faction'] = 0,
			['sympathy'] = 0,
			['goodwill_rank'] = 0,
			['goodwill_communities'] = -2000,
			['attitude'] = -2000
		},
		['perk_rank'] = 1,
		['squad_commander'] = true,
		['name'] = 'Major Zhurov',
		['community'] = 'army'
	},
	[19445] = {
		['icon'] = 'ui_inGame2_neutral_1_mask',
		['id'] = 19445,
		['reputation'] = 484,
		['rank'] = 2160,
		['rank_name'] = 'novice',
		['squad_id'] = 19444,
		['community'] = 'stalker',
		['perk_rank'] = 1,
		['squad_commander'] = true,
		['name'] = 'Valik Crony',
		['standings'] = {
			['goodwill_personal'] = 0,
			['relation'] = 1,
			['goodwill_reputation'] = 300,
			['attitude'] = 300,
			['sympathy'] = 0,
			['goodwill_rank'] = 0,
			['goodwill_communities'] = 0,
			['goodwill_actor_faction'] = 0
		}
	},
	[19424] = {
		['icon'] = 'ui_inGame2_soldier_3_beret',
		['id'] = 19424,
		['reputation'] = -421,
		['rank'] = 11168,
		['rank_name'] = 'professional',
		['squad_id'] = 19409,
		['standings'] = {
			['goodwill_personal'] = 0,
			['relation'] = 2,
			['goodwill_reputation'] = 300,
			['goodwill_actor_faction'] = 0,
			['sympathy'] = 0,
			['goodwill_rank'] = 0,
			['goodwill_communities'] = -2000,
			['attitude'] = -1700
		},
		['perk_rank'] = 2,
		['squad_commander'] = false,
		['name'] = 'Junior Lieutenant Gubar',
		['community'] = 'army'
	},
	[19340] = {
		['icon'] = 'ui_inGame2_Hip',
		['id'] = 19340,
		['reputation'] = 900,
		['rank'] = 160,
		['rank_name'] = 'novice',
		['squad_id'] = 19339,
		['community'] = 'stalker',
		['perk_rank'] = 1,
		['squad_commander'] = true,
		['name'] = 'Hip',
		['standings'] = {
			['goodwill_personal'] = 0,
			['relation'] = 1,
			['goodwill_reputation'] = 100,
			['attitude'] = 100,
			['sympathy'] = 0,
			['goodwill_rank'] = 0,
			['goodwill_communities'] = 0,
			['goodwill_actor_faction'] = 0
		}
	},
	[19382] = {
		['icon'] = 'ui_inGame2_Soldier_3',
		['id'] = 19382,
		['reputation'] = -600,
		['rank'] = 1100,
		['rank_name'] = 'novice',
		['squad_id'] = 19381,
		['standings'] = {
			['goodwill_personal'] = 0,
			['relation'] = 2,
			['goodwill_reputation'] = 100,
			['goodwill_actor_faction'] = 0,
			['sympathy'] = 0,
			['goodwill_rank'] = 0,
			['goodwill_communities'] = -2000,
			['attitude'] = -1900
		},
		['perk_rank'] = 1,
		['squad_commander'] = true,
		['name'] = 'Seryoga',
		['community'] = 'army'
	},
	[19345] = {
		['icon'] = 'ui_inGame2_fanatic',
		['id'] = 19345,
		['reputation'] = 1725,
		['rank'] = 12103,
		['rank_name'] = 'veteran',
		['squad_id'] = 19344,
		['community'] = 'stalker',
		['perk_rank'] = 3,
		['squad_commander'] = true,
		['name'] = 'Fanatic',
		['standings'] = {
			['goodwill_personal'] = 0,
			['relation'] = 1,
			['goodwill_reputation'] = 0,
			['attitude'] = 0,
			['sympathy'] = 0,
			['goodwill_rank'] = 0,
			['goodwill_communities'] = 0,
			['goodwill_actor_faction'] = 0
		}
	},
	[19452] = {
		['icon'] = 'ui_inGame2_bandit_a2',
		['id'] = 19452,
		['reputation'] = -593,
		['rank'] = 2221,
		['rank_name'] = 'novice',
		['squad_id'] = 19448,
		['standings'] = {
			['goodwill_personal'] = 0,
			['relation'] = 2,
			['goodwill_reputation'] = 100,
			['goodwill_actor_faction'] = 0,
			['sympathy'] = 0,
			['goodwill_rank'] = 0,
			['goodwill_communities'] = -2000,
			['attitude'] = -1900
		},
		['perk_rank'] = 1,
		['squad_commander'] = false,
		['name'] = 'Fimka Trump',
		['community'] = 'bandit'
	}
}
* Loading spawn registry...
[PP] d:/games/gamma/anomaly/bin/..\gamedata\configs\patrol_paths.ltx initialized
[PP] Done reading patrol paths from configs
* 18652 spawn points are successfully loaded
* Loading objects...
* 26216 objects are successfully loaded
* Game squad is successfully loaded from file 'd:/games/gamma/anomaly/bin/..\appdata\savedgames\squad.scop' (1.086s)
* phase time: 1086 ms
* phase cmem: 949939 K
[LSS] Spawning object [][actor][0]
[LSS] Spawning object [boar_01a_weak1020][boar_01a_weak][1020]
[LSS] Spawning object [boar_01a_weak1021][boar_01a_weak][1021]
[LSS] Spawning object [boar_02a_weak1022][boar_02a_weak][1022]
[LSS] Spawning object [m_crow1116][m_crow][1116]
[LSS] Spawning object [m_crow1385][m_crow][1385]
[LSS] Spawning object [m_crow1650][m_crow][1650]
[LSS] Spawning object [m_crow1969][m_crow][1969]
[LSS] Spawning object [esc_2c_01_high_hopes_anomal_zone][anomal_zone][15120]
[LSS] Spawning object [esc_smart_terrain_1_11_anomal_zone][anomal_zone][15121]
[LSS] Spawning object [esc_smart_terrain_5_4_anomal_zone][anomal_zone][15122]
[LSS] Spawning object [esc_smart_terrain_8_9_anomal_zone][anomal_zone][15123]
[LSS] Spawning object [esc_tunnel_electr_anomal_zone][anomal_zone][15124]
[LSS] Spawning object [esc_balon_01][balon_01][15128]
[LSS] Spawning object [esc_balon_02][balon_02][15129]
[LSS] Spawning object [esc_banka_kraski_1][banka_kraski_1][15132]
[LSS] Spawning object [esc_bidon][bidon][15133]
[LSS] Spawning object [esc_bidon_0000][bidon][15134]
[LSS] Spawning object [esc_bludo][bludo][15135]
[LSS] Spawning object [esc_bochka_close_1][bochka_close_1][15136]
[LSS] Spawning object [esc_bochka_close_2][bochka_close_2][15137]
[LSS] Spawning object [esc_bochka_close_2_0000][bochka_close_2][15138]
[LSS] Spawning object [esc_bochka_close_2_0001][bochka_close_2][15139]
[LSS] Spawning object [esc_bochka_close_4][bochka_close_4][15140]
[LSS] Spawning object [esc_bottle_3l][bottle_3l][15141]
[LSS] Spawning object [esc_bottle_3l_0000][bottle_3l][15142]
[LSS] Spawning object [meshes\brkbl#0.ogf][breakable_object][15145]
[LSS] Spawning object [meshes\brkbl#1.ogf][breakable_object][15146]
[LSS] Spawning object [meshes\brkbl#10.ogf][breakable_object][15147]
[LSS] Spawning object [meshes\brkbl#11.ogf][breakable_object][15148]
[LSS] Spawning object [meshes\brkbl#12.ogf][breakable_object][15149]
[LSS] Spawning object [meshes\brkbl#13.ogf][breakable_object][15150]
[LSS] Spawning object [meshes\brkbl#14.ogf][breakable_object][15151]
[LSS] Spawning object [meshes\brkbl#15.ogf][breakable_object][15152]
[LSS] Spawning object [meshes\brkbl#16.ogf][breakable_object][15153]
[LSS] Spawning object [meshes\brkbl#17.ogf][breakable_object][15154]
[LSS] Spawning object [meshes\brkbl#18.ogf][breakable_object][15155]
[LSS] Spawning object [meshes\brkbl#19.ogf][breakable_object][15156]
[LSS] Spawning object [meshes\brkbl#2.ogf][breakable_object][15157]
[LSS] Spawning object [meshes\brkbl#20.ogf][breakable_object][15158]
[LSS] Spawning object [meshes\brkbl#21.ogf][breakable_object][15159]
[LSS] Spawning object [meshes\brkbl#22.ogf][breakable_object][15160]
[LSS] Spawning object [meshes\brkbl#23.ogf][breakable_object][15161]
[LSS] Spawning object [meshes\brkbl#24.ogf][breakable_object][15162]
[LSS] Spawning object [meshes\brkbl#25.ogf][breakable_object][15163]
[LSS] Spawning object [meshes\brkbl#26.ogf][breakable_object][15164]
[LSS] Spawning object [meshes\brkbl#27.ogf][breakable_object][15165]
[LSS] Spawning object [meshes\brkbl#28.ogf][breakable_object][15166]
[LSS] Spawning object [meshes\brkbl#29.ogf][breakable_object][15167]
[LSS] Spawning object [meshes\brkbl#3.ogf][breakable_object][15168]
[LSS] Spawning object [meshes\brkbl#30.ogf][breakable_object][15169]
[LSS] Spawning object [meshes\brkbl#31.ogf][breakable_object][15170]
[LSS] Spawning object [meshes\brkbl#32.ogf][breakable_object][15171]
[LSS] Spawning object [meshes\brkbl#33.ogf][breakable_object][15172]
[LSS] Spawning object [meshes\brkbl#34.ogf][breakable_object][15173]
[LSS] Spawning object [meshes\brkbl#35.ogf][breakable_object][15174]
[LSS] Spawning object [meshes\brkbl#36.ogf][breakable_object][15175]
[LSS] Spawning object [meshes\brkbl#37.ogf][breakable_object][15176]
[LSS] Spawning object [meshes\brkbl#38.ogf][breakable_object][15177]
[LSS] Spawning object [meshes\brkbl#39.ogf][breakable_object][15178]
[LSS] Spawning object [meshes\brkbl#4.ogf][breakable_object][15179]
[LSS] Spawning object [meshes\brkbl#40.ogf][breakable_object][15180]
[LSS] Spawning object [meshes\brkbl#41.ogf][breakable_object][15181]
[LSS] Spawning object [meshes\brkbl#42.ogf][breakable_object][15182]
[LSS] Spawning object [meshes\brkbl#43.ogf][breakable_object][15183]
[LSS] Spawning object [meshes\brkbl#44.ogf][breakable_object][15184]
[LSS] Spawning object [meshes\brkbl#45.ogf][breakable_object][15185]
[LSS] Spawning object [meshes\brkbl#46.ogf][breakable_object][15186]
[LSS] Spawning object [meshes\brkbl#47.ogf][breakable_object][15187]
[LSS] Spawning object [meshes\brkbl#48.ogf][breakable_object][15188]
[LSS] Spawning object [meshes\brkbl#49.ogf][breakable_object][15189]
[LSS] Spawning object [meshes\brkbl#5.ogf][breakable_object][15190]
[LSS] Spawning object [meshes\brkbl#50.ogf][breakable_object][15191]
[LSS] Spawning object [meshes\brkbl#6.ogf][breakable_object][15192]
[LSS] Spawning object [meshes\brkbl#7.ogf][breakable_object][15193]
[LSS] Spawning object [meshes\brkbl#8.ogf][breakable_object][15194]
[LSS] Spawning object [meshes\brkbl#9.ogf][breakable_object][15195]
[LSS] Spawning object [esc_smart_terrain_1_11_camp][camp_zone][15196]
[LSS] Spawning object [esc_smart_terrain_2_12_camp][camp_zone][15197]
[LSS] Spawning object [esc_smart_terrain_2_12_camp2][camp_zone][15198]
[LSS] Spawning object [esc_smart_terrain_2_12_camp3][camp_zone][15199]
[LSS] Spawning object [esc_smart_terrain_2_12_camp4][camp_zone][15200]
[LSS] Spawning object [esc_smart_terrain_3_16_camp][camp_zone][15201]
[LSS] Spawning object [esc_smart_terrain_5_2_camp][camp_zone][15202]
[LSS] Spawning object [esc_smart_terrain_5_7_camp][camp_zone][15203]
[LSS] Spawning object [esc_smart_terrain_5_9_camp][camp_zone][15204]
[LSS] Spawning object [esc_smart_terrain_7_11_camp][camp_zone][15205]
[LSS] Spawning object [esc_smart_terrain_main_mlr_base][camp_zone][15206]
[LSS] Spawning object [gar_smart_terrain_5_2_camp][camp_zone][15207]
[LSS] Spawning object [esc_smart_terrain_1_11_campfire_1][campfire][15208]
[LSS] Spawning object [esc_smart_terrain_2_12_campfire_1][campfire][15209]
[LSS] Spawning object [esc_smart_terrain_2_12_campfire_2][campfire][15210]
[LSS] Spawning object [esc_smart_terrain_2_12_campfire_3][campfire][15211]
[LSS] Spawning object [esc_smart_terrain_2_14_campfire_1][campfire][15212]
[LSS] Spawning object [esc_smart_terrain_3_16_campfire_1][campfire][15213]
[LSS] Spawning object [esc_smart_terrain_3_16_campfire_2][campfire][15214]
[LSS] Spawning object [esc_smart_terrain_3_16_campfire_3][campfire][15215]
[LSS] Spawning object [esc_smart_terrain_3_16_campfire_4][campfire][15216]
[LSS] Spawning object [esc_smart_terrain_3_16_campfire_5][campfire][15217]
[LSS] Spawning object [esc_smart_terrain_3_7_campfire_1][campfire][15218]
[LSS] Spawning object [esc_smart_terrain_3_7_campfire_2][campfire][15219]
[LSS] Spawning object [esc_smart_terrain_3_7_campfire_3][campfire][15220]
[LSS] Spawning object [esc_smart_terrain_4_11_campfire_1][campfire][15221]
[LSS] Spawning object [esc_smart_terrain_4_11_campfire_2][campfire][15222]
[LSS] Spawning object [esc_smart_terrain_4_13_campfire_1][campfire][15223]
[LSS] Spawning object [esc_smart_terrain_4_8_campfire_1][campfire][15224]
[LSS] Spawning object [esc_smart_terrain_4_9_campfire_1][campfire][15225]
[LSS] Spawning object [esc_smart_terrain_4_9_campfire_2][campfire][15226]
[LSS] Spawning object [esc_smart_terrain_5_12_campfire_1][campfire][15227]
[LSS] Spawning object [esc_smart_terrain_5_12_campfire_2][campfire][15228]
[LSS] Spawning object [esc_smart_terrain_5_2_campfire_1][campfire][15229]
[LSS] Spawning object [esc_smart_terrain_5_2_campfire_2][campfire][15230]
[LSS] Spawning object [esc_smart_terrain_5_2_campfire_3][campfire][15231]
[LSS] Spawning object [esc_smart_terrain_5_4_campfire_1][campfire][15232]
[LSS] Spawning object [esc_smart_terrain_5_4_campfire_2][campfire][15233]
[LSS] Spawning object [esc_smart_terrain_5_6_campfire_1][campfire][15234]
[LSS] Spawning object [esc_smart_terrain_5_7_campfire_1][campfire][15235]
[LSS] Spawning object [esc_smart_terrain_5_7_campfire_2][campfire][15236]
[LSS] Spawning object [esc_smart_terrain_5_7_campfire_3][campfire][15237]
[LSS] Spawning object [esc_smart_terrain_5_9_campfire_1][campfire][15238]
[LSS] Spawning object [esc_smart_terrain_5_9_campfire_2][campfire][15239]
[LSS] Spawning object [esc_smart_terrain_6_6_campfire_1][campfire][15240]
[LSS] Spawning object [esc_smart_terrain_6_6_campfire_2][campfire][15241]
[LSS] Spawning object [esc_smart_terrain_6_6_campfire_3][campfire][15242]
[LSS] Spawning object [esc_smart_terrain_6_6_campfire_4][campfire][15243]
[LSS] Spawning object [esc_smart_terrain_6_8_campfire_1][campfire][15244]
[LSS] Spawning object [esc_smart_terrain_6_8_campfire_2][campfire][15245]
[LSS] Spawning object [esc_smart_terrain_7_11_campfire_1][campfire][15246]
[LSS] Spawning object [esc_smart_terrain_7_11_campfire_2][campfire][15247]
[LSS] Spawning object [esc_smart_terrain_7_11_campfire_3][campfire][15248]
[LSS] Spawning object [esc_smart_terrain_7_11_campfire_4][campfire][15249]
[LSS] Spawning object [esc_smart_terrain_8_10_campfire_1][campfire][15250]
[LSS] Spawning object [esc_smart_terrain_8_10_campfire_2][campfire][15251]
[LSS] Spawning object [esc_smart_terrain_8_9_campfire_1][campfire][15252]
[LSS] Spawning object [esc_smart_terrain_9_7_campfire_1][campfire][15253]
[LSS] Spawning object [clmbl#0][climable_object][15254]
[LSS] Spawning object [clmbl#1][climable_object][15255]
[LSS] Spawning object [clmbl#2][climable_object][15256]
[LSS] Spawning object [clmbl#3][climable_object][15257]
[LSS] Spawning object [clmbl#4][climable_object][15258]
[LSS] Spawning object [clmbl#5][climable_object][15259]
[LSS] Spawning object [clmbl#6][climable_object][15260]
[LSS] Spawning object [clmbl#7][climable_object][15261]
[LSS] Spawning object [clmbl#8][climable_object][15262]
[LSS] Spawning object [clmbl#9][climable_object][15263]
[LSS] Spawning object [esc_explosive_barrel][explosive_barrel][15265]
[LSS] Spawning object [esc_explosive_barrel_0000][explosive_barrel][15266]
[LSS] Spawning object [esc_explosive_barrel_0001][explosive_barrel][15267]
[LSS] Spawning object [esc_explosive_barrel_0004][explosive_barrel][15268]
[LSS] Spawning object [esc_explosive_barrel_0005][explosive_barrel][15269]
[LSS] Spawning object [esc_explosive_barrel_0006][explosive_barrel][15270]
[LSS] Spawning object [esc_explosive_barrel_0007][explosive_barrel][15271]
[LSS] Spawning object [esc_explosive_barrel_0008][explosive_barrel][15272]
[LSS] Spawning object [esc_explosive_barrel_0009][explosive_barrel][15273]
[LSS] Spawning object [esc_explosive_barrel_0010][explosive_barrel][15274]
[LSS] Spawning object [esc_explosive_barrel_0011][explosive_barrel][15275]
[LSS] Spawning object [esc_explosive_barrel_0012][explosive_barrel][15276]
[LSS] Spawning object [esc_explosive_barrel_0013][explosive_barrel][15277]
[LSS] Spawning object [esc_explosive_barrel_0014][explosive_barrel][15278]
[LSS] Spawning object [esc_explosive_barrel_0015][explosive_barrel][15279]
[LSS] Spawning object [esc_explosive_mobiltank][explosive_mobiltank][15280]
[LSS] Spawning object [esc_explosive_mobiltank_0000][explosive_mobiltank][15281]
[LSS] Spawning object [esc_explosive_mobiltank_0001][explosive_mobiltank][15282]
[LSS] Spawning object [esc_q10_n][inventory_box][15289]
[LSS] Spawning object [esc_q1_n][inventory_box][15290]
[LSS] Spawning object [esc_q2_n][inventory_box][15291]
[LSS] Spawning object [esc_q3_t_l][inventory_box][15292]
[LSS] Spawning object [esc_q4_t_a][inventory_box][15293]
[LSS] Spawning object [esc_q6_n][inventory_box][15295]
[LSS] Spawning object [esc_q7_n][inventory_box][15296]
[LSS] Spawning object [esc_q8_n][inventory_box][15297]
[LSS] Spawning object [esc_q9_t_a][inventory_box][15298]
[LSS] Spawning object [esc_recover_item_4_corpse][inventory_box][15299]
[LSS] Spawning object [esc_smart_terrain_1_11_box][inventory_box][15300]
[LSS] Spawning object [esc_smart_terrain_2_12_box][inventory_box][15301]
[LSS] Spawning object [esc_smart_terrain_2_14_box][inventory_box][15302]
[LSS] Spawning object [esc_smart_terrain_3_16_box][inventory_box][15303]
[LSS] Spawning object [esc_smart_terrain_3_6_box][inventory_box][15304]
[LSS] Spawning object [esc_smart_terrain_4_11_box][inventory_box][15305]
[LSS] Spawning object [esc_smart_terrain_4_13_box][inventory_box][15306]
[LSS] Spawning object [esc_smart_terrain_4_8_box][inventory_box][15307]
[LSS] Spawning object [esc_smart_terrain_4_9_box][inventory_box][15308]
[LSS] Spawning object [esc_smart_terrain_5_10_box][inventory_box][15309]
[LSS] Spawning object [esc_smart_terrain_5_7_box][inventory_box][15311]
[LSS] Spawning object [esc_smart_terrain_5_9_box][inventory_box][15312]
[LSS] Spawning object [esc_smart_terrain_6_6_box][inventory_box][15314]
[LSS] Spawning object [esc_smart_terrain_6_7_box][inventory_box][15315]
[LSS] Spawning object [esc_smart_terrain_6_8_box][inventory_box][15316]
[LSS] Spawning object [esc_smart_terrain_7_11_box][inventory_box][15317]
[LSS] Spawning object [esc_smart_terrain_8_6_box][inventory_box][15318]
[LSS] Spawning object [esc_treasure_1][inventory_box][15319]
[LSS] Spawning object [esc_treasure_10][inventory_box][15320]
[LSS] Spawning object [esc_treasure_11][inventory_box][15321]
[LSS] Spawning object [esc_treasure_12][inventory_box][15322]
[LSS] Spawning object [esc_treasure_13][inventory_box][15323]
[LSS] Spawning object [esc_treasure_14][inventory_box][15324]
[LSS] Spawning object [esc_treasure_16][inventory_box][15326]
[LSS] Spawning object [esc_treasure_17][inventory_box][15327]
[LSS] Spawning object [esc_treasure_2][inventory_box][15328]
[LSS] Spawning object [esc_treasure_3][inventory_box][15329]
[LSS] Spawning object [esc_treasure_4][inventory_box][15330]
[LSS] Spawning object [esc_treasure_6][inventory_box][15332]
[LSS] Spawning object [esc_treasure_7][inventory_box][15333]
[LSS] Spawning object [esc_treasure_8][inventory_box][15334]
[LSS] Spawning object [esc_treasure_9][inventory_box][15335]
[LSS] Spawning object [esc_treasure_novice_stalker][inventory_box][15336]
[LSS] Spawning object [esc_treasure_weapon_box][inventory_box][15337]
[LSS] Spawning object [esc_treasure_weapon_prisoner][inventory_box][15338]
[LSS] Spawning object [gar_smart_terrain_5_8_box][inventory_box][15339]
[LSS] Spawning object [level_prefix_inventory_box_0000][inventory_box][15340]
[LSS] Spawning object [secret_fanat][inventory_box][15341]
[LSS] Spawning object [esc_kanistra_02][kanistra_02][15343]
[LSS] Spawning object [esc_kanistra_02_0000][kanistra_02][15344]
[LSS] Spawning object [esc_kanistra_02_0001][kanistra_02][15345]
[LSS] Spawning object [esc_kastrula][kastrula][15346]
[LSS] Spawning object [esc_kastrula_up][kastrula_up][15347]
[LSS] Spawning object [esc_komp_klava][komp_klava][15348]
[LSS] Spawning object [esc_komp_monitor][komp_monitor][15349]
[LSS] Spawning object [esc_krujka][krujka][15350]
[LSS] Spawning object [esc_krujka_0000][krujka][15351]
[LSS] Spawning object [esc_krujka_0001][krujka][15352]
[LSS] Spawning object [esc_krujka_0002][krujka][15353]
[LSS] Spawning object [esc_krujka_0003][krujka][15354]
[LSS] Spawning object [esc_krujka_0004][krujka][15355]
[LSS] Spawning object [esc_krujka_0005][krujka][15356]
[LSS] Spawning object [esc_krujka_0006][krujka][15357]
[LSS] Spawning object [esc_krujka_0007][krujka][15358]
[LSS] Spawning object [esc_krujka_0008][krujka][15359]
[LSS] Spawning object [esc_krujka_0009][krujka][15360]
[LSS] Spawning object [esc_krujka_0010][krujka][15361]
[LSS] Spawning object [esc_level_changer_to_darkscape_1][level_changer][15362]
[LSS] Spawning object [esc_level_changer_to_garbage_1][level_changer][15363]
[LSS] Spawning object [esc_level_changer_to_garbage_2][level_changer][15364]
[LSS] Spawning object [esc_level_changer_to_marsh_1][level_changer][15365]
[LSS] Spawning object [esc_level_changer_to_marsh_2][level_changer][15366]
[LSS] Spawning object [esc_level_changer_to_pole_1][level_changer][15367]
[LSS] Spawning object [esc_awr_lamp_esc_smart_terrain_5_7_loner_mechanic_stalker_01][lights_hanging_lamp][15368]
[LSS] Spawning object [esc_awr_lamp_esc_smart_terrain_5_7_loner_mechanic_stalker_02][lights_hanging_lamp][15369]
[LSS] Spawning object [light_alarm_glass][lights_hanging_lamp][15370]
[LSS] Spawning object [light_alarm_glass_0001][lights_hanging_lamp][15371]
[LSS] Spawning object [light_alarm_glass_0007][lights_hanging_lamp][15372]
[LSS] Spawning object [light_campfire_grill_omni_0000][lights_hanging_lamp][15373]
[LSS] Spawning object [light_galogen_1_glass_0000][lights_hanging_lamp][15374]
[LSS] Spawning object [light_galogen_1_glass_0004][lights_hanging_lamp][15375]
[LSS] Spawning object [light_galogen_1_glass_0005][lights_hanging_lamp][15376]
[LSS] Spawning object [light_galogen_1_glass_0006][lights_hanging_lamp][15377]
[LSS] Spawning object [light_omni_2m_no_shadow_0000][lights_hanging_lamp][15378]
[LSS] Spawning object [light_omni_2m_no_shadow_0001][lights_hanging_lamp][15379]
[LSS] Spawning object [light_omni_2m_no_shadow_0002][lights_hanging_lamp][15380]
[LSS] Spawning object [light_omni_blue_2m_no_shadow][lights_hanging_lamp][15381]
[LSS] Spawning object [light_sharnir_1_0000][lights_hanging_lamp][15382]
[LSS] Spawning object [light_sharnir_1_0001][lights_hanging_lamp][15383]
[LSS] Spawning object [light_white_12m_glass][lights_hanging_lamp][15384]
[LSS] Spawning object [light_white_12m_glass_0000][lights_hanging_lamp][15385]
[LSS] Spawning object [lights_white_4m_glass_0000][lights_hanging_lamp][15386]
[LSS] Spawning object [lights_white_8m_glass_0000][lights_hanging_lamp][15387]
[LSS] Spawning object [lights_white_8m_glass_0001][lights_hanging_lamp][15388]
[LSS] Spawning object [lights_white_8m_glass_0002][lights_hanging_lamp][15389]
[LSS] Spawning object [table_lamp_01_cast_shadow][lights_hanging_lamp][15390]
[LSS] Spawning object [table_lamp_01_cast_shadow_volumetric][lights_hanging_lamp][15391]
[LSS] Spawning object [table_lamp_01_cast_shadow_volumetric_0000][lights_hanging_lamp][15392]
[LSS] Spawning object [table_lamp_01_cast_shadow_volumetric_0001][lights_hanging_lamp][15393]
[LSS] Spawning object [esc_lojka][lojka][15394]
[LSS] Spawning object [esc_lojka_0000][lojka][15395]
[LSS] Spawning object [esc_smart_terrain_3_16_minigun][m_car][15397]
[LSS] Spawning object [esc_m_trader][m_trader][15398]
[LSS] Spawning object [esc_miska][miska][15403]
[LSS] Spawning object [esc_museum_ak74u][museum_ak74u][15404]
[LSS] Spawning object [esc_museum_ak74u_0000][museum_ak74u][15405]
[LSS] Spawning object [esc_museum_ak74u_0001][museum_ak74u][15406]
[LSS] Spawning object [esc_museum_ammo_545x39_fmj][museum_ammo_545x39_fmj][15407]
[LSS] Spawning object [esc_museum_ammo_545x39_fmj_0000][museum_ammo_545x39_fmj][15408]
[LSS] Spawning object [esc_museum_ammo_545x39_fmj_0001][museum_ammo_545x39_fmj][15409]
[LSS] Spawning object [esc_museum_ammo_762x54_7h14][museum_ammo_762x54_7h14][15410]
[LSS] Spawning object [cabinet_village_140x210_ph_door_l][physic_destroyable_object][15411]
[LSS] Spawning object [cabinet_village_140x210_ph_door_l_0000][physic_destroyable_object][15412]
[LSS] Spawning object [cabinet_village_140x210_ph_door_r][physic_destroyable_object][15413]
[LSS] Spawning object [cabinet_village_140x210_ph_door_r_0000][physic_destroyable_object][15414]
[LSS] Spawning object [esc_physic_destroyable_object][physic_destroyable_object][15415]
[LSS] Spawning object [esc_physic_destroyable_object_0000][physic_destroyable_object][15416]
[LSS] Spawning object [esc_physic_destroyable_object_0001][physic_destroyable_object][15417]
[LSS] Spawning object [esc_physic_destroyable_object_0002][physic_destroyable_object][15418]
[LSS] Spawning object [esc_physic_destroyable_object_0003][physic_destroyable_object][15419]
[LSS] Spawning object [esc_physic_destroyable_object_0004][physic_destroyable_object][15420]
[LSS] Spawning object [esc_physic_destroyable_object_0007][physic_destroyable_object][15421]
[LSS] Spawning object [esc_physic_destroyable_object_0008][physic_destroyable_object][15422]
[LSS] Spawning object [esc_physic_destroyable_object_0009][physic_destroyable_object][15423]
[LSS] Spawning object [esc_physic_destroyable_object_0010][physic_destroyable_object][15424]
[LSS] Spawning object [esc_physic_destroyable_object_0011][physic_destroyable_object][15425]
[LSS] Spawning object [esc_physic_destroyable_object_0012][physic_destroyable_object][15426]
[LSS] Spawning object [esc_physic_destroyable_object_0013][physic_destroyable_object][15427]
[LSS] Spawning object [esc_physic_destroyable_object_0014][physic_destroyable_object][15428]
[LSS] Spawning object [esc_physic_destroyable_object_0015][physic_destroyable_object][15429]
[LSS] Spawning object [esc_physic_destroyable_object_0017][physic_destroyable_object][15431]
[LSS] Spawning object [esc_physic_destroyable_object_0018][physic_destroyable_object][15432]
[LSS] Spawning object [esc_physic_destroyable_object_0019][physic_destroyable_object][15433]
[LSS] Spawning object [esc_physic_destroyable_object_0020][physic_destroyable_object][15434]
[LSS] Spawning object [esc_physic_destroyable_object_0021][physic_destroyable_object][15435]
[LSS] Spawning object [esc_physic_destroyable_object_0022][physic_destroyable_object][15436]
[LSS] Spawning object [esc_physic_destroyable_object_0023][physic_destroyable_object][15437]
[LSS] Spawning object [esc_physic_destroyable_object_0024][physic_destroyable_object][15438]
[LSS] Spawning object [esc_physic_destroyable_object_0025][physic_destroyable_object][15439]
[LSS] Spawning object [esc_physic_destroyable_object_0026][physic_destroyable_object][15440]
[LSS] Spawning object [esc_physic_destroyable_object_0027][physic_destroyable_object][15441]
[LSS] Spawning object [esc_physic_destroyable_object_0028][physic_destroyable_object][15442]
[LSS] Spawning object [esc_physic_destroyable_object_0029][physic_destroyable_object][15443]
[LSS] Spawning object [esc_physic_destroyable_object_0030][physic_destroyable_object][15444]
[LSS] Spawning object [esc_physic_destroyable_object_0031][physic_destroyable_object][15445]
[LSS] Spawning object [esc_physic_destroyable_object_0032][physic_destroyable_object][15446]
[LSS] Spawning object [esc_physic_destroyable_object_0033][physic_destroyable_object][15447]
[LSS] Spawning object [esc_physic_destroyable_object_0034][physic_destroyable_object][15448]
[LSS] Spawning object [esc_physic_destroyable_object_0035][physic_destroyable_object][15449]
[LSS] Spawning object [esc_physic_destroyable_object_0036][physic_destroyable_object][15450]
[LSS] Spawning object [esc_physic_destroyable_object_0037][physic_destroyable_object][15451]
[LSS] Spawning object [esc_physic_destroyable_object_0038][physic_destroyable_object][15452]
[LSS] Spawning object [esc_physic_destroyable_object_0039][physic_destroyable_object][15453]
[LSS] Spawning object [esc_physic_destroyable_object_0040][physic_destroyable_object][15454]
[LSS] Spawning object [esc_physic_destroyable_object_0041][physic_destroyable_object][15455]
[LSS] Spawning object [esc_physic_destroyable_object_0042][physic_destroyable_object][15456]
[LSS] Spawning object [esc_physic_destroyable_object_0043][physic_destroyable_object][15457]
[LSS] Spawning object [esc_physic_destroyable_object_0044][physic_destroyable_object][15458]
[LSS] Spawning object [esc_physic_destroyable_object_0045][physic_destroyable_object][15459]
[LSS] Spawning object [esc_physic_destroyable_object_0046][physic_destroyable_object][15460]
[LSS] Spawning object [esc_physic_destroyable_object_0047][physic_destroyable_object][15461]
[LSS] Spawning object [esc_physic_destroyable_object_0048][physic_destroyable_object][15462]
[LSS] Spawning object [esc_physic_destroyable_object_0049][physic_destroyable_object][15463]
[LSS] Spawning object [esc_physic_destroyable_object_0050][physic_destroyable_object][15464]
[LSS] Spawning object [esc_physic_destroyable_object_0051][physic_destroyable_object][15465]
[LSS] Spawning object [esc_physic_destroyable_object_0052][physic_destroyable_object][15466]
[LSS] Spawning object [esc_physic_destroyable_object_0053][physic_destroyable_object][15467]
[LSS] Spawning object [esc_physic_destroyable_object_0055][physic_destroyable_object][15469]
[LSS] Spawning object [esc_physic_destroyable_object_0056][physic_destroyable_object][15470]
[LSS] Spawning object [esc_physic_destroyable_object_0057][physic_destroyable_object][15471]
[LSS] Spawning object [esc_physic_destroyable_object_0058][physic_destroyable_object][15472]
[LSS] Spawning object [esc_physic_destroyable_object_0059][physic_destroyable_object][15473]
[LSS] Spawning object [esc_physic_destroyable_object_0060][physic_destroyable_object][15474]
[LSS] Spawning object [esc_physic_destroyable_object_0061][physic_destroyable_object][15475]
[LSS] Spawning object [esc_physic_destroyable_object_0062][physic_destroyable_object][15476]
[LSS] Spawning object [esc_physic_destroyable_object_0063][physic_destroyable_object][15477]
[LSS] Spawning object [esc_physic_destroyable_object_0064][physic_destroyable_object][15478]
[LSS] Spawning object [esc_physic_destroyable_object_0065][physic_destroyable_object][15479]
[LSS] Spawning object [esc_physic_destroyable_object_0066][physic_destroyable_object][15480]
[LSS] Spawning object [esc_physic_destroyable_object_0067][physic_destroyable_object][15481]
[LSS] Spawning object [esc_physic_destroyable_object_0068][physic_destroyable_object][15482]
[LSS] Spawning object [esc_physic_destroyable_object_0069][physic_destroyable_object][15483]
[LSS] Spawning object [esc_physic_destroyable_object_0070][physic_destroyable_object][15484]
[LSS] Spawning object [esc_physic_destroyable_object_0071][physic_destroyable_object][15485]
[LSS] Spawning object [esc_physic_destroyable_object_0072][physic_destroyable_object][15486]
[LSS] Spawning object [esc_physic_destroyable_object_0073][physic_destroyable_object][15487]
[LSS] Spawning object [esc_physic_destroyable_object_0074][physic_destroyable_object][15488]
[LSS] Spawning object [esc_physic_destroyable_object_0075][physic_destroyable_object][15489]
[LSS] Spawning object [esc_physic_destroyable_object_0076][physic_destroyable_object][15490]
[LSS] Spawning object [esc_physic_destroyable_object_0077][physic_destroyable_object][15491]
[LSS] Spawning object [esc_physic_destroyable_object_0078][physic_destroyable_object][15492]
[LSS] Spawning object [esc_physic_destroyable_object_0079][physic_destroyable_object][15493]
[LSS] Spawning object [esc_physic_destroyable_object_0080][physic_destroyable_object][15494]
[LSS] Spawning object [esc_physic_destroyable_object_0081][physic_destroyable_object][15495]
[LSS] Spawning object [esc_physic_destroyable_object_0082][physic_destroyable_object][15496]
[LSS] Spawning object [esc_physic_destroyable_object_0083][physic_destroyable_object][15497]
[LSS] Spawning object [esc_physic_destroyable_object_0084][physic_destroyable_object][15498]
[LSS] Spawning object [esc_physic_destroyable_object_0085][physic_destroyable_object][15499]
[LSS] Spawning object [esc_physic_destroyable_object_0086][physic_destroyable_object][15500]
[LSS] Spawning object [shkaf_work_01_door_0003][physic_destroyable_object][15501]
[LSS] Spawning object [shkaf_work_01_door_0004][physic_destroyable_object][15502]
[LSS] Spawning object [shkaf_work_01_door_0005][physic_destroyable_object][15503]
[LSS] Spawning object [shkaf_work_01_door_0006][physic_destroyable_object][15504]
[LSS] Spawning object [shkaf_work_01_door_0007][physic_destroyable_object][15505]
[LSS] Spawning object [shkaf_work_01_door_0008][physic_destroyable_object][15506]
[LSS] Spawning object [shkaf_work_01_door_0009][physic_destroyable_object][15507]
[LSS] Spawning object [shkaf_work_01_door_0010][physic_destroyable_object][15508]
[LSS] Spawning object [shkaf_work_01_door_0011][physic_destroyable_object][15509]
[LSS] Spawning object [campfire_grill_boar][physic_object][15510]
[LSS] Spawning object [esc_awr_stol_1][physic_object][15511]
[LSS] Spawning object [esc_awr_tiski_01][physic_object][15512]
[LSS] Spawning object [esc_awr_tiski_02][physic_object][15513]
[LSS] Spawning object [esc_main_base_physic_object_01][physic_object][15514]
[LSS] Spawning object [esc_main_base_physic_object_02][physic_object][15515]
[LSS] Spawning object [esc_physic_object][physic_object][15516]
[LSS] Spawning object [esc_physic_object_0000][physic_object][15517]
[LSS] Spawning object [esc_physic_object_0001][physic_object][15518]
[LSS] Spawning object [esc_physic_object_0003][physic_object][15519]
[LSS] Spawning object [esc_physic_object_0004][physic_object][15520]
[LSS] Spawning object [esc_physic_object_0005][physic_object][15521]
[LSS] Spawning object [esc_physic_object_0006][physic_object][15522]
[LSS] Spawning object [esc_physic_object_0007][physic_object][15523]
[LSS] Spawning object [esc_physic_object_0008][physic_object][15524]
[LSS] Spawning object [esc_physic_object_0009][physic_object][15525]
[LSS] Spawning object [esc_physic_object_0010][physic_object][15526]
[LSS] Spawning object [esc_physic_object_0011][physic_object][15527]
[LSS] Spawning object [esc_physic_object_0012][physic_object][15528]
[LSS] Spawning object [esc_physic_object_0013][physic_object][15529]
[LSS] Spawning object [esc_physic_object_0014][physic_object][15530]
[LSS] Spawning object [esc_physic_object_0015][physic_object][15531]
[LSS] Spawning object [esc_physic_object_0016][physic_object][15532]
[LSS] Spawning object [esc_physic_object_0017][physic_object][15533]
[LSS] Spawning object [esc_physic_object_0018][physic_object][15534]
[LSS] Spawning object [esc_physic_object_0019][physic_object][15535]
[LSS] Spawning object [esc_physic_object_0020][physic_object][15536]
[LSS] Spawning object [esc_physic_object_0021][physic_object][15537]
[LSS] Spawning object [esc_physic_object_0022][physic_object][15538]
[LSS] Spawning object [esc_physic_object_0023][physic_object][15539]
[LSS] Spawning object [esc_physic_object_0024][physic_object][15540]
[LSS] Spawning object [esc_physic_object_0025][physic_object][15541]
[LSS] Spawning object [esc_physic_object_0026][physic_object][15542]
[LSS] Spawning object [esc_physic_object_0027][physic_object][15543]
[LSS] Spawning object [esc_physic_object_0028][physic_object][15544]
[LSS] Spawning object [esc_physic_object_0029][physic_object][15545]
[LSS] Spawning object [esc_physic_object_0030][physic_object][15546]
[LSS] Spawning object [esc_physic_object_0031][physic_object][15547]
[LSS] Spawning object [esc_physic_object_0032][physic_object][15548]
[LSS] Spawning object [esc_physic_object_0033][physic_object][15549]
[LSS] Spawning object [esc_physic_object_0034][physic_object][15550]
[LSS] Spawning object [esc_physic_object_0035][physic_object][15551]
[LSS] Spawning object [esc_physic_object_0036][physic_object][15552]
[LSS] Spawning object [esc_physic_object_0037][physic_object][15553]
[LSS] Spawning object [esc_physic_object_0038][physic_object][15554]
[LSS] Spawning object [esc_physic_object_0039][physic_object][15555]
[LSS] Spawning object [esc_physic_object_0040][physic_object][15556]
[LSS] Spawning object [esc_sidorovich_radio][physic_object][15557]
[LSS] Spawning object [esc_stalker_base_door_1][physic_object][15558]
[LSS] Spawning object [esc_stalker_base_door_2][physic_object][15559]
[LSS] Spawning object [esc_trader_door][physic_object][15560]
[LSS] Spawning object [trader_ventilyator_0000][physic_object][15566]
[LSS] Spawning object [esc_priemnik_gorizont][priemnik_gorizont][15567]
[LSS] Spawning object [esc_priemnik_gorizont_0000][priemnik_gorizont][15568]
[LSS] Spawning object [esc_2_12_stalker_nimble_cover][smart_cover][15569]
[LSS] Spawning object [esc_main_base_trader_mlr_plase][smart_cover][15570]
[LSS] Spawning object [esc_smart_cover][smart_cover][15571]
[LSS] Spawning object [esc_smart_cover_0000][smart_cover][15572]
[LSS] Spawning object [esc_smart_cover_0001][smart_cover][15573]
[LSS] Spawning object [esc_smart_cover_0002][smart_cover][15574]
[LSS] Spawning object [esc_smart_cover_0003][smart_cover][15575]
[LSS] Spawning object [esc_smart_cover_0004][smart_cover][15576]
[LSS] Spawning object [esc_smart_cover_0005][smart_cover][15577]
[LSS] Spawning object [esc_smart_cover_0006][smart_cover][15578]
[LSS] Spawning object [esc_smart_cover_0007][smart_cover][15579]
[LSS] Spawning object [esc_smart_cover_0008][smart_cover][15580]
[LSS] Spawning object [esc_smart_cover_0009][smart_cover][15581]
[LSS] Spawning object [esc_smart_cover_0010][smart_cover][15582]
[LSS] Spawning object [esc_smart_cover_0011][smart_cover][15583]
[LSS] Spawning object [esc_smart_cover_0012][smart_cover][15584]
[LSS] Spawning object [esc_smart_cover_0013][smart_cover][15585]
[LSS] Spawning object [esc_smart_cover_0014][smart_cover][15586]
[LSS] Spawning object [esc_smart_cover_0015][smart_cover][15587]
[LSS] Spawning object [esc_smart_cover_0016][smart_cover][15588]
[LSS] Spawning object [esc_smart_cover_0017][smart_cover][15589]
[LSS] Spawning object [esc_smart_cover_0018][smart_cover][15590]
[LSS] Spawning object [esc_smart_cover_0019][smart_cover][15591]
[LSS] Spawning object [esc_smart_cover_0020][smart_cover][15592]
[LSS] Spawning object [esc_smart_cover_0021][smart_cover][15593]
[LSS] Spawning object [esc_smart_cover_0022][smart_cover][15594]
[LSS] Spawning object [esc_smart_cover_0023][smart_cover][15595]
[LSS] Spawning object [esc_smart_cover_0024][smart_cover][15596]
[LSS] Spawning object [esc_smart_cover_0025][smart_cover][15597]
[LSS] Spawning object [esc_smart_cover_0026][smart_cover][15598]
[LSS] Spawning object [esc_smart_cover_0027][smart_cover][15599]
[LSS] Spawning object [esc_smart_cover_0028][smart_cover][15600]
[LSS] Spawning object [esc_smart_cover_0029][smart_cover][15601]
[LSS] Spawning object [esc_smart_cover_0030][smart_cover][15602]
[LSS] Spawning object [esc_smart_cover_0031][smart_cover][15603]
[LSS] Spawning object [esc_smart_cover_0032][smart_cover][15604]
[LSS] Spawning object [esc_smart_cover_0033][smart_cover][15605]
[LSS] Spawning object [esc_smart_cover_0034][smart_cover][15606]
[LSS] Spawning object [esc_smart_cover_0035][smart_cover][15607]
[LSS] Spawning object [esc_smart_cover_0036][smart_cover][15608]
[LSS] Spawning object [esc_smart_cover_0037][smart_cover][15609]
[LSS] Spawning object [esc_smart_cover_0038][smart_cover][15610]
[LSS] Spawning object [esc_smart_cover_0039][smart_cover][15611]
[LSS] Spawning object [esc_smart_cover_0040][smart_cover][15612]
[LSS] Spawning object [esc_smart_cover_0041][smart_cover][15613]
[LSS] Spawning object [esc_smart_cover_0042][smart_cover][15614]
[LSS] Spawning object [esc_smart_cover_0043][smart_cover][15615]
[LSS] Spawning object [esc_smart_cover_0044][smart_cover][15616]
[LSS] Spawning object [esc_smart_cover_0045][smart_cover][15617]
[LSS] Spawning object [esc_smart_cover_0046][smart_cover][15618]
[LSS] Spawning object [esc_smart_cover_0047][smart_cover][15619]
[LSS] Spawning object [esc_smart_cover_0048][smart_cover][15620]
[LSS] Spawning object [esc_smart_cover_0049][smart_cover][15621]
[LSS] Spawning object [esc_smart_cover_0050][smart_cover][15622]
[LSS] Spawning object [esc_smart_cover_0051][smart_cover][15623]
[LSS] Spawning object [esc_smart_cover_0052][smart_cover][15624]
[LSS] Spawning object [esc_smart_cover_0053][smart_cover][15625]
[LSS] Spawning object [esc_smart_cover_0054][smart_cover][15626]
[LSS] Spawning object [esc_smart_cover_0055][smart_cover][15627]
[LSS] Spawning object [esc_smart_cover_0056][smart_cover][15628]
[LSS] Spawning object [esc_smart_cover_0057][smart_cover][15629]
[LSS] Spawning object [esc_smart_cover_0058][smart_cover][15630]
[LSS] Spawning object [esc_smart_cover_0059][smart_cover][15631]
[LSS] Spawning object [esc_smart_cover_0060][smart_cover][15632]
[LSS] Spawning object [esc_smart_cover_0061][smart_cover][15633]
[LSS] Spawning object [esc_smart_cover_0062][smart_cover][15634]
[LSS] Spawning object [esc_smart_cover_0063][smart_cover][15635]
[LSS] Spawning object [esc_smart_cover_0064][smart_cover][15636]
[LSS] Spawning object [esc_smart_cover_0065][smart_cover][15637]
[LSS] Spawning object [esc_smart_cover_0066][smart_cover][15638]
[LSS] Spawning object [esc_smart_cover_0067][smart_cover][15639]
[LSS] Spawning object [esc_smart_cover_0068][smart_cover][15640]
[LSS] Spawning object [esc_smart_cover_0069][smart_cover][15641]
[LSS] Spawning object [esc_smart_cover_0070][smart_cover][15642]
[LSS] Spawning object [esc_smart_cover_0071][smart_cover][15643]
[LSS] Spawning object [esc_smart_cover_0072][smart_cover][15644]
[LSS] Spawning object [esc_smart_cover_0073][smart_cover][15645]
[LSS] Spawning object [esc_smart_cover_0074][smart_cover][15646]
[LSS] Spawning object [esc_smart_cover_0075][smart_cover][15647]
[LSS] Spawning object [esc_smart_cover_0076][smart_cover][15648]
[LSS] Spawning object [esc_smart_cover_0077][smart_cover][15649]
[LSS] Spawning object [esc_smart_cover_0078][smart_cover][15650]
[LSS] Spawning object [esc_smart_cover_0079][smart_cover][15651]
[LSS] Spawning object [esc_smart_cover_0080][smart_cover][15652]
[LSS] Spawning object [esc_smart_cover_0081][smart_cover][15653]
[LSS] Spawning object [esc_smart_cover_0082][smart_cover][15654]
[LSS] Spawning object [esc_smart_cover_0083][smart_cover][15655]
[LSS] Spawning object [esc_smart_cover_0084][smart_cover][15656]
[LSS] Spawning object [esc_smart_cover_0085][smart_cover][15657]
[LSS] Spawning object [esc_smart_cover_0086][smart_cover][15658]
[LSS] Spawning object [esc_smart_cover_0087][smart_cover][15659]
[LSS] Spawning object [esc_smart_cover_0088][smart_cover][15660]
[LSS] Spawning object [esc_smart_cover_0089][smart_cover][15661]
[LSS] Spawning object [esc_smart_cover_0090][smart_cover][15662]
[LSS] Spawning object [esc_smart_cover_0091][smart_cover][15663]
[LSS] Spawning object [esc_smart_cover_0092][smart_cover][15664]
[LSS] Spawning object [esc_smart_cover_0093][smart_cover][15665]
[LSS] Spawning object [esc_smart_cover_0094][smart_cover][15666]
[LSS] Spawning object [esc_smart_cover_0095][smart_cover][15667]
[LSS] Spawning object [esc_smart_cover_0096][smart_cover][15668]
[LSS] Spawning object [esc_smart_cover_0097][smart_cover][15669]
[LSS] Spawning object [esc_smart_cover_0098][smart_cover][15670]
[LSS] Spawning object [esc_smart_cover_0099][smart_cover][15671]
[LSS] Spawning object [esc_smart_cover_0100][smart_cover][15672]
[LSS] Spawning object [esc_smart_cover_0101][smart_cover][15673]
[LSS] Spawning object [esc_smart_cover_0102][smart_cover][15674]
[LSS] Spawning object [esc_smart_cover_0103][smart_cover][15675]
[LSS] Spawning object [esc_smart_cover_0104][smart_cover][15676]
[LSS] Spawning object [esc_smart_cover_0105][smart_cover][15677]
[LSS] Spawning object [esc_smart_cover_0106][smart_cover][15678]
[LSS] Spawning object [esc_smart_cover_0107][smart_cover][15679]
[LSS] Spawning object [esc_smart_cover_0108][smart_cover][15680]
[LSS] Spawning object [esc_smart_terrain_2_12_animpoint_kamp1][smart_cover][15681]
[LSS] Spawning object [esc_smart_terrain_2_12_animpoint_kamp10][smart_cover][15682]
[LSS] Spawning object [esc_smart_terrain_2_12_animpoint_kamp11][smart_cover][15683]
[LSS] Spawning object [esc_smart_terrain_2_12_animpoint_kamp12][smart_cover][15684]
[LSS] Spawning object [esc_smart_terrain_2_12_animpoint_kamp13][smart_cover][15685]
[LSS] Spawning object [esc_smart_terrain_2_12_animpoint_kamp14][smart_cover][15686]
[LSS] Spawning object [esc_smart_terrain_2_12_animpoint_kamp15][smart_cover][15687]
[LSS] Spawning object [esc_smart_terrain_2_12_animpoint_kamp16][smart_cover][15688]
[LSS] Spawning object [esc_smart_terrain_2_12_animpoint_kamp17][smart_cover][15689]
[LSS] Spawning object [esc_smart_terrain_2_12_animpoint_kamp18][smart_cover][15690]
[LSS] Spawning object [esc_smart_terrain_2_12_animpoint_kamp2][smart_cover][15691]
[LSS] Spawning object [esc_smart_terrain_2_12_animpoint_kamp3][smart_cover][15692]
[LSS] Spawning object [esc_smart_terrain_2_12_animpoint_kamp4][smart_cover][15693]
[LSS] Spawning object [esc_smart_terrain_2_12_animpoint_kamp5][smart_cover][15694]
[LSS] Spawning object [esc_smart_terrain_2_12_animpoint_kamp6][smart_cover][15695]
[LSS] Spawning object [esc_smart_terrain_2_12_animpoint_kamp7][smart_cover][15696]
[LSS] Spawning object [esc_smart_terrain_2_12_animpoint_kamp8][smart_cover][15697]
[LSS] Spawning object [esc_smart_terrain_2_12_animpoint_kamp9][smart_cover][15698]
[LSS] Spawning object [esc_smart_terrain_3_16_animpoint_kamp1][smart_cover][15699]
[LSS] Spawning object [esc_smart_terrain_3_16_animpoint_kamp2][smart_cover][15700]
[LSS] Spawning object [esc_smart_terrain_3_16_animpoint_kamp3][smart_cover][15701]
[LSS] Spawning object [esc_smart_terrain_3_16_animpoint_kamp4][smart_cover][15702]
[LSS] Spawning object [esc_smart_terrain_3_16_animpoint_kamp5][smart_cover][15703]
[LSS] Spawning object [esc_smart_terrain_5_2_animpoint_kamp1][smart_cover][15704]
[LSS] Spawning object [esc_smart_terrain_5_2_animpoint_kamp2][smart_cover][15705]
[LSS] Spawning object [esc_smart_terrain_5_2_animpoint_kamp3][smart_cover][15706]
[LSS] Spawning object [esc_smart_terrain_5_2_animpoint_kamp4][smart_cover][15707]
[LSS] Spawning object [esc_smart_terrain_5_2_animpoint_kamp5][smart_cover][15708]
[LSS] Spawning object [esc_smart_terrain_5_7_animpoint_kamp1][smart_cover][15709]
[LSS] Spawning object [esc_smart_terrain_5_7_animpoint_kamp10][smart_cover][15710]
[LSS] Spawning object [esc_smart_terrain_5_7_animpoint_kamp11][smart_cover][15711]
[LSS] Spawning object [esc_smart_terrain_5_7_animpoint_kamp12][smart_cover][15712]
[LSS] Spawning object [esc_smart_terrain_5_7_animpoint_kamp13][smart_cover][15713]
[LSS] Spawning object [esc_smart_terrain_5_7_animpoint_kamp14][smart_cover][15714]
[LSS] Spawning object [esc_smart_terrain_5_7_animpoint_kamp15][smart_cover][15715]
[LSS] Spawning object [esc_smart_terrain_5_7_animpoint_kamp16][smart_cover][15716]
[LSS] Spawning object [esc_smart_terrain_5_7_animpoint_kamp2][smart_cover][15717]
[LSS] Spawning object [esc_smart_terrain_5_7_animpoint_kamp3][smart_cover][15718]
[LSS] Spawning object [esc_smart_terrain_5_7_animpoint_kamp4][smart_cover][15719]
[LSS] Spawning object [esc_smart_terrain_5_7_animpoint_kamp5][smart_cover][15720]
[LSS] Spawning object [esc_smart_terrain_5_7_animpoint_kamp6][smart_cover][15721]
[LSS] Spawning object [esc_smart_terrain_5_7_animpoint_kamp7][smart_cover][15722]
[LSS] Spawning object [esc_smart_terrain_5_7_animpoint_kamp8][smart_cover][15723]
[LSS] Spawning object [esc_smart_terrain_5_7_animpoint_kamp9][smart_cover][15724]
[LSS] Spawning object [esc_smart_terrain_5_7_smart_cover_mechanic][smart_cover][15725]
[LSS] Spawning object [esc_smart_terrain_5_9_animpoint_kamp1][smart_cover][15726]
[LSS] Spawning object [esc_smart_terrain_5_9_animpoint_kamp2][smart_cover][15727]
[LSS] Spawning object [esc_smart_terrain_5_9_animpoint_kamp3][smart_cover][15728]
[LSS] Spawning object [esc_smart_terrain_5_9_animpoint_kamp4][smart_cover][15729]
[LSS] Spawning object [esc_smart_terrain_5_9_animpoint_kamp5][smart_cover][15730]
[LSS] Spawning object [esc_smart_terrain_7_11_animpoint_kamp1][smart_cover][15731]
[LSS] Spawning object [esc_smart_terrain_7_11_animpoint_kamp2][smart_cover][15732]
[LSS] Spawning object [esc_smart_terrain_7_11_animpoint_kamp3][smart_cover][15733]
[LSS] Spawning object [esc_smart_terrain_7_11_animpoint_kamp4][smart_cover][15734]
[LSS] Spawning object [esc_smart_terrain_7_11_animpoint_kamp5][smart_cover][15735]
[LSS] Spawning object [medic][smart_cover][15736]
[LSS] Spawning object [esc_smart_terrain_1_11][smart_terrain][15737]
[LSS] Spawning object [esc_smart_terrain_2_12][smart_terrain][15738]
[LSS] Spawning object [esc_smart_terrain_2_14][smart_terrain][15739]
[LSS] Spawning object [esc_smart_terrain_3_16][smart_terrain][15740]
[LSS] Spawning object [esc_smart_terrain_3_7][smart_terrain][15741]
[LSS] Spawning object [esc_smart_terrain_4_11][smart_terrain][15742]
[LSS] Spawning object [esc_smart_terrain_4_13][smart_terrain][15743]
[LSS] Spawning object [esc_smart_terrain_4_9][smart_terrain][15744]
[LSS] Spawning object [esc_smart_terrain_5_12][smart_terrain][15745]
[LSS] Spawning object [esc_smart_terrain_5_2][smart_terrain][15746]
[LSS] Spawning object [esc_smart_terrain_5_4][smart_terrain][15747]
[LSS] Spawning object [esc_smart_terrain_5_6][smart_terrain][15748]
[LSS] Spawning object [esc_smart_terrain_5_7][smart_terrain][15749]
[LSS] Spawning object [esc_smart_terrain_5_9][smart_terrain][15750]
[LSS] Spawning object [esc_smart_terrain_6_6][smart_terrain][15751]
[LSS] Spawning object [esc_smart_terrain_6_8][smart_terrain][15752]
[LSS] Spawning object [esc_smart_terrain_7_11][smart_terrain][15753]
[LSS] Spawning object [esc_smart_terrain_8_10][smart_terrain][15754]
[LSS] Spawning object [esc_smart_terrain_8_9][smart_terrain][15755]
[LSS] Spawning object [esc_smart_terrain_9_10][smart_terrain][15756]
[LSS] Spawning object [esc_smart_terrain_9_7][smart_terrain][15757]
[LSS] Spawning object [esc_1_11_kmb_restr][space_restrictor][15758]
[LSS] Spawning object [esc_2_12_order_process][space_restrictor][15759]
[LSS] Spawning object [esc_2_12_quest_line][space_restrictor][15760]
[LSS] Spawning object [esc_2_12_stalker_wolf_kill_zone][space_restrictor][15761]
[LSS] Spawning object [esc_2_12_village_kmb_restr][space_restrictor][15762]
[LSS] Spawning object [esc_2_14_boars_kmb_restr][space_restrictor][15763]
[LSS] Spawning object [esc_2c_01_high_hopes_anomaly_spot][space_restrictor][15764]
[LSS] Spawning object [esc_5_9_atp_kmb_restr][space_restrictor][15765]
[LSS] Spawning object [esc_basement_sleep_area][space_restrictor][15766]
[LSS] Spawning object [esc_crow_spawner][space_restrictor][15767]
[LSS] Spawning object [esc_lager_guard_kill_zone][space_restrictor][15768]
[LSS] Spawning object [esc_secret_sleep][space_restrictor][15769]
[LSS] Spawning object [esc_smart_terrain_1_11_anomaly_spot][space_restrictor][15770]
[LSS] Spawning object [esc_smart_terrain_2_12_sr_no_assault][space_restrictor][15771]
[LSS] Spawning object [esc_smart_terrain_2_12_surge_hide_a1][space_restrictor][15772]
[LSS] Spawning object [esc_smart_terrain_2_12_surge_hide_a2][space_restrictor][15773]
[LSS] Spawning object [esc_smart_terrain_2_12_surge_hide_a3][space_restrictor][15774]
[LSS] Spawning object [esc_smart_terrain_2_12_surge_hide_a4][space_restrictor][15775]
[LSS] Spawning object [esc_smart_terrain_2_12_surge_hide_a5][space_restrictor][15776]
[LSS] Spawning object [esc_smart_terrain_2_12_surge_hide_a6][space_restrictor][15777]
[LSS] Spawning object [esc_smart_terrain_2_12_surge_hide_a7][space_restrictor][15778]
[LSS] Spawning object [esc_smart_terrain_2_12_surge_hide_a8][space_restrictor][15779]
[LSS] Spawning object [esc_smart_terrain_2_14_surge_hide_a1][space_restrictor][15780]
[LSS] Spawning object [esc_smart_terrain_3_16_surge_hide_a1][space_restrictor][15781]
[LSS] Spawning object [esc_smart_terrain_3_16_surge_hide_a2][space_restrictor][15782]
[LSS] Spawning object [esc_smart_terrain_3_16_surge_hide_a3][space_restrictor][15783]
[LSS] Spawning object [esc_smart_terrain_4_8_9_surge_hide_a1][space_restrictor][15784]
[LSS] Spawning object [esc_smart_terrain_5_2_surge_hide_a1][space_restrictor][15785]
[LSS] Spawning object [esc_smart_terrain_5_4_anomaly_spot][space_restrictor][15786]
[LSS] Spawning object [esc_smart_terrain_5_7_surge_hide_a1][space_restrictor][15787]
[LSS] Spawning object [esc_smart_terrain_5_7_surge_hide_a2][space_restrictor][15788]
[LSS] Spawning object [esc_smart_terrain_6_6_surge_hide_a1][space_restrictor][15789]
[LSS] Spawning object [esc_smart_terrain_6_8_surge_hide_a1][space_restrictor][15790]
[LSS] Spawning object [esc_smart_terrain_7_11_surge_hide_a1][space_restrictor][15791]
[LSS] Spawning object [esc_smart_terrain_8_9_anomaly_spot][space_restrictor][15792]
[LSS] Spawning object [esc_smart_terrain_ATP_spot][space_restrictor][15793]
[LSS] Spawning object [esc_smart_terrain_elevator_spot][space_restrictor][15794]
[LSS] Spawning object [esc_smart_terrain_neut_base_spot][space_restrictor][15795]
[LSS] Spawning object [esc_smart_terrain_north_blockpost_spot][space_restrictor][15796]
[LSS] Spawning object [esc_smart_terrain_novice_village_spot][space_restrictor][15797]
[LSS] Spawning object [esc_smart_terrain_south_blokpost_spot][space_restrictor][15798]
[LSS] Spawning object [esc_smart_terrain_tunnel_electr_spot][space_restrictor][15799]
[LSS] Spawning object [esc_space_restrictor_to_darkscape_1][space_restrictor][15800]
[LSS] Spawning object [esc_space_restrictor_to_garbage_1][space_restrictor][15801]
[LSS] Spawning object [esc_space_restrictor_to_garbage_2][space_restrictor][15802]
[LSS] Spawning object [esc_space_restrictor_to_marsh_1][space_restrictor][15803]
[LSS] Spawning object [esc_space_restrictor_to_marsh_2][space_restrictor][15804]
[LSS] Spawning object [esc_space_restrictor_to_pole_1][space_restrictor][15805]
[LSS] Spawning object [esc_space_restrictor_trader_door_into][space_restrictor][15806]
[LSS] Spawning object [esc_space_restrictor_wait_trader][space_restrictor][15807]
[LSS] Spawning object [misery_bread_spawn][space_restrictor][15808]
[LSS] Spawning object [sidor_door_zone_in_mlr][space_restrictor][15809]
[LSS] Spawning object [sidor_door_zone_out_mlr][space_restrictor][15810]
[LSS] Spawning object [esc_teapot_1][teapot_1][15811]
[LSS] Spawning object [esc_teapot_1_0000][teapot_1][15812]
[LSS] Spawning object [esc_teapot_1_0001][teapot_1][15813]
[LSS] Spawning object [esc_teapot_1_0002][teapot_1][15814]
[LSS] Spawning object [esc_tiski][tiski][15815]
[LSS] Spawning object [esc_tiski_0000][tiski][15816]
[LSS] Spawning object [esc_transiver][transiver][15817]
[LSS] Spawning object [esc_vedro_01][vedro_01][15818]
[LSS] Spawning object [esc_vedro_01_0000][vedro_01][15819]
[LSS] Spawning object [esc_vedro_01_0001][vedro_01][15820]
[LSS] Spawning object [esc_vedro_01_0002][vedro_01][15821]
[LSS] Spawning object [esc_zone_burning_fuzz_0000][zone_burning_fuzz1][15828]
[LSS] Spawning object [esc_zone_burning_fuzz_0001][zone_burning_fuzz1][15829]
[LSS] Spawning object [esc_zone_burning_fuzz_0002][zone_burning_fuzz1][15830]
[LSS] Spawning object [esc_zone_burning_fuzz_0003][zone_burning_fuzz1][15831]
[LSS] Spawning object [esc_zone_burning_fuzz_0004][zone_burning_fuzz1][15832]
[LSS] Spawning object [esc_zone_burning_fuzz_0005][zone_burning_fuzz1][15833]
[LSS] Spawning object [esc_zone_burning_fuzz_0006][zone_burning_fuzz1][15834]
[LSS] Spawning object [esc_zone_burning_fuzz_0007][zone_burning_fuzz1][15835]
[LSS] Spawning object [esc_zone_burning_fuzz_0008][zone_burning_fuzz1][15836]
[LSS] Spawning object [esc_zone_burning_fuzz_0111][zone_burning_fuzz1][15837]
[LSS] Spawning object [esc_zone_burning_fuzz_0148][zone_burning_fuzz1][15838]
[LSS] Spawning object [esc_zone_field_radioactive_weak][zone_field_radioactive_weak][15839]
[LSS] Spawning object [esc_zone_field_radioactive_weak_0000][zone_field_radioactive_weak][15840]
[LSS] Spawning object [esc_zone_field_radioactive_weak_0001][zone_field_radioactive_weak][15841]
[LSS] Spawning object [esc_zone_field_radioactive_weak_0002][zone_field_radioactive_weak][15842]
[LSS] Spawning object [esc_zone_field_radioactive_weak_0003][zone_field_radioactive_weak][15843]
[LSS] Spawning object [esc_zone_field_radioactive_weak_0004][zone_field_radioactive_weak][15844]
[LSS] Spawning object [esc_zone_field_radioactive_weak_0005][zone_field_radioactive_weak][15845]
[LSS] Spawning object [esc_zone_field_radioactive_weak_0006][zone_field_radioactive_weak][15846]
[LSS] Spawning object [esc_zone_field_radioactive_weak_0007][zone_field_radioactive_weak][15847]
[LSS] Spawning object [esc_zone_field_radioactive_weak_0008][zone_field_radioactive_weak][15848]
[LSS] Spawning object [esc_zone_field_radioactive_weak_0009][zone_field_radioactive_weak][15849]
[LSS] Spawning object [esc_zone_field_radioactive_weak_0010][zone_field_radioactive_weak][15850]
[LSS] Spawning object [esc_zone_field_radioactive_weak_0011][zone_field_radioactive_weak][15851]
[LSS] Spawning object [esc_zone_field_radioactive_weak_0012][zone_field_radioactive_weak][15852]
[LSS] Spawning object [esc_zone_field_radioactive_weak_0013][zone_field_radioactive_weak][15853]
[LSS] Spawning object [esc_zone_mine_gravitational_average_2c_01][zone_mine_gravitational_average][15921]
[LSS] Spawning object [esc_zone_mine_gravitational_weak][zone_mine_gravitational_weak][15922]
[LSS] Spawning object [esc_zone_mine_gravitational_weak_0000][zone_mine_gravitational_weak][15923]
[LSS] Spawning object [esc_zone_mine_gravitational_weak_0001][zone_mine_gravitational_weak][15924]
[LSS] Spawning object [esc_zone_mine_gravitational_weak_0002][zone_mine_gravitational_weak][15925]
[LSS] Spawning object [esc_zone_mine_gravitational_weak_0003][zone_mine_gravitational_weak][15926]
[LSS] Spawning object [esc_zone_mine_gravitational_weak_0004][zone_mine_gravitational_weak][15927]
[LSS] Spawning object [esc_zone_mine_gravitational_weak_0005][zone_mine_gravitational_weak][15928]
[LSS] Spawning object [esc_zone_mine_gravitational_weak_0006][zone_mine_gravitational_weak][15929]
[LSS] Spawning object [esc_zone_mine_gravitational_weak_0007][zone_mine_gravitational_weak][15930]
[LSS] Spawning object [esc_zone_mine_gravitational_weak_0008][zone_mine_gravitational_weak][15931]
[LSS] Spawning object [esc_zone_mine_gravitational_weak_0009][zone_mine_gravitational_weak][15932]
[LSS] Spawning object [esc_zone_mine_gravitational_weak_0010][zone_mine_gravitational_weak][15933]
[LSS] Spawning object [esc_zone_mine_gravitational_weak_0011][zone_mine_gravitational_weak][15934]
[LSS] Spawning object [esc_zone_mine_gravitational_weak_0012][zone_mine_gravitational_weak][15935]
[LSS] Spawning object [esc_zone_mine_gravitational_weak_0013][zone_mine_gravitational_weak][15936]
[LSS] Spawning object [esc_zone_mine_gravitational_weak_0014][zone_mine_gravitational_weak][15937]
[LSS] Spawning object [esc_zone_mine_gravitational_weak_0015][zone_mine_gravitational_weak][15938]
[LSS] Spawning object [esc_zone_mine_gravitational_weak_0016][zone_mine_gravitational_weak][15939]
[LSS] Spawning object [esc_zone_mine_gravitational_weak_0017][zone_mine_gravitational_weak][15940]
[LSS] Spawning object [esc_zone_mine_gravitational_weak_0018][zone_mine_gravitational_weak][15941]
[LSS] Spawning object [esc_zone_mine_gravitational_weak_0019][zone_mine_gravitational_weak][15942]
[LSS] Spawning object [esc_zone_mine_gravitational_weak_0020][zone_mine_gravitational_weak][15943]
[LSS] Spawning object [esc_zone_mine_gravitational_weak_0021][zone_mine_gravitational_weak][15944]
[LSS] Spawning object [esc_zone_mine_gravitational_weak_0022][zone_mine_gravitational_weak][15945]
[LSS] Spawning object [esc_zone_mine_gravitational_weak_0023][zone_mine_gravitational_weak][15946]
[LSS] Spawning object [esc_zone_mine_gravitational_weak_0024][zone_mine_gravitational_weak][15947]
[LSS] Spawning object [esc_zone_mine_gravitational_weak_0025][zone_mine_gravitational_weak][15948]
[LSS] Spawning object [esc_zone_mine_gravitational_weak_0026][zone_mine_gravitational_weak][15949]
[LSS] Spawning object [esc_zone_mine_gravitational_weak_0027][zone_mine_gravitational_weak][15950]
[LSS] Spawning object [esc_zone_mine_gravitational_weak_0028][zone_mine_gravitational_weak][15951]
[LSS] Spawning object [esc_zone_mine_gravitational_weak_0029][zone_mine_gravitational_weak][15952]
[LSS] Spawning object [esc_zone_mine_gravitational_weak_0030][zone_mine_gravitational_weak][15953]
[LSS] Spawning object [esc_zone_mine_gravitational_weak_0031][zone_mine_gravitational_weak][15954]
[LSS] Spawning object [esc_zone_mine_gravitational_weak_0032][zone_mine_gravitational_weak][15955]
[LSS] Spawning object [esc_zone_mine_gravitational_weak_0033][zone_mine_gravitational_weak][15956]
[LSS] Spawning object [esc_zone_mine_gravitational_weak_0034][zone_mine_gravitational_weak][15957]
[LSS] Spawning object [esc_zone_mine_gravitational_weak_0035][zone_mine_gravitational_weak][15958]
[LSS] Spawning object [esc_zone_mine_gravitational_weak_0036][zone_mine_gravitational_weak][15959]
[LSS] Spawning object [esc_zone_mine_gravitational_weak_0037][zone_mine_gravitational_weak][15960]
[LSS] Spawning object [esc_zone_mine_gravitational_weak_0038][zone_mine_gravitational_weak][15961]
[LSS] Spawning object [esc_zone_mine_gravitational_weak_0039][zone_mine_gravitational_weak][15962]
[LSS] Spawning object [esc_zone_mine_gravitational_weak_0040][zone_mine_gravitational_weak][15963]
[LSS] Spawning object [esc_zone_mine_gravitational_weak_0041][zone_mine_gravitational_weak][15964]
[LSS] Spawning object [esc_zone_mine_gravitational_weak_0042][zone_mine_gravitational_weak][15965]
[LSS] Spawning object [esc_zone_mine_gravitational_weak_0043][zone_mine_gravitational_weak][15966]
[LSS] Spawning object [esc_zone_mine_gravitational_weak_0044][zone_mine_gravitational_weak][15967]
[LSS] Spawning object [esc_zone_mine_gravitational_weak_0045][zone_mine_gravitational_weak][15968]
[LSS] Spawning object [esc_zone_mine_gravitational_weak_0046][zone_mine_gravitational_weak][15969]
[LSS] Spawning object [esc_zone_mine_gravitational_weak_0047][zone_mine_gravitational_weak][15970]
[LSS] Spawning object [esc_zone_mine_gravitational_weak_0048][zone_mine_gravitational_weak][15971]
[LSS] Spawning object [esc_zone_mine_gravitational_weak_0049][zone_mine_gravitational_weak][15972]
[LSS] Spawning object [esc_zone_mine_gravitational_weak_0050][zone_mine_gravitational_weak][15973]
[LSS] Spawning object [esc_zone_mine_gravitational_weak_0051][zone_mine_gravitational_weak][15974]
[LSS] Spawning object [esc_zone_mine_gravitational_weak_0052][zone_mine_gravitational_weak][15975]
[LSS] Spawning object [esc_zone_mine_gravitational_weak_0053][zone_mine_gravitational_weak][15976]
[LSS] Spawning object [esc_zone_mine_gravitational_weak_0054][zone_mine_gravitational_weak][15977]
[LSS] Spawning object [esc_zone_mine_gravitational_weak_0055][zone_mine_gravitational_weak][15978]
[LSS] Spawning object [esc_zone_mine_gravitational_weak_0056][zone_mine_gravitational_weak][15979]
[LSS] Spawning object [esc_zone_mine_gravitational_weak_0057][zone_mine_gravitational_weak][15980]
[LSS] Spawning object [esc_zone_mine_gravitational_weak_0058][zone_mine_gravitational_weak][15981]
[LSS] Spawning object [esc_zone_mine_gravitational_weak_0059][zone_mine_gravitational_weak][15982]
[LSS] Spawning object [esc_zone_mine_gravitational_weak_0060][zone_mine_gravitational_weak][15983]
[LSS] Spawning object [esc_zone_mine_gravitational_weak_0061][zone_mine_gravitational_weak][15984]
[LSS] Spawning object [esc_zone_mine_gravitational_weak_0062][zone_mine_gravitational_weak][15985]
[LSS] Spawning object [esc_zone_mine_gravitational_weak_0063][zone_mine_gravitational_weak][15986]
[LSS] Spawning object [esc_zone_mine_gravitational_weak_0064][zone_mine_gravitational_weak][15987]
[LSS] Spawning object [devushka19340][devushka][19340]
[LSS] Spawning object [esc_2_12_stalker_fanat19345][esc_2_12_stalker_fanat][19345]
[LSS] Spawning object [esc_2_12_stalker_wolf19357][esc_2_12_stalker_wolf][19357]
[LSS] Spawning object [sim_default_stalker_019369][sim_default_stalker_0][19369]
[LSS] Spawning object [sim_default_stalker_019372][sim_default_stalker_0][19372]
[LSS] Spawning object [sim_default_stalker_019375][sim_default_stalker_0][19375]
[LSS] Spawning object [sim_default_stalker_019378][sim_default_stalker_0][19378]
[LSS] Spawning object [army_south_mechan_mlr19382][army_south_mechan_mlr][19382]
[LSS] Spawning object [esc_3_16_military_trader19389][esc_3_16_military_trader][19389]
[LSS] Spawning object [sim_default_military_219396][sim_default_military_2][19396]
[LSS] Spawning object [sim_default_military_219400][sim_default_military_2][19400]
[LSS] Spawning object [sim_default_military_219405][sim_default_military_2][19405]
[LSS] Spawning object [sim_default_military_419410][sim_default_military_4][19410]
[LSS] Spawning object [sim_default_military_319415][sim_default_military_3][19415]
[LSS] Spawning object [sim_default_military_319420][sim_default_military_3][19420]
[LSS] Spawning object [sim_default_military_319424][sim_default_military_3][19424]
[LSS] Spawning object [esc_smart_terrain_5_7_loner_mechanic_stalker19429][esc_smart_terrain_5_7_loner_mechanic_stalker][19429]
[LSS] Spawning object [esc_main_base_trader_mlr19436][esc_main_base_trader_mlr][19436]
[LSS] Spawning object [sim_default_stalker_119441][sim_default_stalker_1][19441]
[LSS] Spawning object [sim_default_stalker_019445][sim_default_stalker_0][19445]
[LSS] Spawning object [sim_default_bandit_019449][sim_default_bandit_0][19449]
[LSS] Spawning object [sim_default_bandit_019452][sim_default_bandit_0][19452]
[LSS] Spawning object [sim_default_bandit_219455][sim_default_bandit_2][19455]
[LSS] Spawning object [zone_radioactive_weak23067][zone_radioactive_weak][23067]
[LSS] Spawning object [zone_mine_chemical_weak23068][zone_mine_chemical_weak][23068]
[LSS] Spawning object [zone_mine_electric_average23069][zone_mine_electric_average][23069]
[LSS] Spawning object [zone_mine_gravitational_average23070][zone_mine_gravitational_average][23070]
[LSS] Spawning object [zone_mine_gravitational_strong23071][zone_mine_gravitational_strong][23071]
[LSS] Spawning object [zone_mine_chemical_weak23072][zone_mine_chemical_weak][23072]
[LSS] Spawning object [zone_radioactive_weak23073][zone_radioactive_weak][23073]
[LSS] Spawning object [zone_mine_gravitational_strong23074][zone_mine_gravitational_strong][23074]
[LSS] Spawning object [zone_mine_gravitational_weak23075][zone_mine_gravitational_weak][23075]
[LSS] Spawning object [zone_mine_gravitational_weak23076][zone_mine_gravitational_weak][23076]
[LSS] Spawning object [zone_mine_electric_average23077][zone_mine_electric_average][23077]
[LSS] Spawning object [zone_mine_gravitational_strong23078][zone_mine_gravitational_strong][23078]
[LSS] Spawning object [zone_mine_gravitational_weak23079][zone_mine_gravitational_weak][23079]
[LSS] Spawning object [zone_mine_thermal_weak23080][zone_mine_thermal_weak][23080]
[LSS] Spawning object [zone_mine_gravitational_strong23081][zone_mine_gravitational_strong][23081]
[LSS] Spawning object [zone_mine_gravitational_strong23082][zone_mine_gravitational_strong][23082]
[LSS] Spawning object [zone_mine_thermal_weak23083][zone_mine_thermal_weak][23083]
[LSS] Spawning object [zone_mine_electric_weak23084][zone_mine_electric_weak][23084]
[LSS] Spawning object [zone_mine_electric_weak23085][zone_mine_electric_weak][23085]
[LSS] Spawning object [zone_mine_gravitational_weak23086][zone_mine_gravitational_weak][23086]
[LSS] Spawning object [zone_mine_gravitational_weak23087][zone_mine_gravitational_weak][23087]
[LSS] Spawning object [zone_radioactive_average23088][zone_radioactive_average][23088]
[LSS] Spawning object [zone_mine_gravitational_average23089][zone_mine_gravitational_average][23089]
[LSS] Spawning object [zone_radioactive_weak23090][zone_radioactive_weak][23090]
[LSS] Spawning object [zone_mine_gravitational_average23091][zone_mine_gravitational_average][23091]
[LSS] Spawning object [zone_mine_electric_average23092][zone_mine_electric_average][23092]
[LSS] Spawning object [zone_radioactive_weak23093][zone_radioactive_weak][23093]
[LSS] Spawning object [zone_mine_acidic_weak23094][zone_mine_acidic_weak][23094]
[LSS] Spawning object [zone_mine_gravitational_average23095][zone_mine_gravitational_average][23095]
[LSS] Spawning object [zone_radioactive_average23096][zone_radioactive_average][23096]
[LSS] Spawning object [zone_radioactive_average23097][zone_radioactive_average][23097]
[LSS] Spawning object [zone_mine_gravitational_weak23098][zone_mine_gravitational_weak][23098]
[LSS] Spawning object [zone_mine_acidic_weak23099][zone_mine_acidic_weak][23099]
[LSS] Spawning object [zone_mine_gravitational_average23100][zone_mine_gravitational_average][23100]
[LSS] Spawning object [zone_mine_electric_weak23101][zone_mine_electric_weak][23101]
[LSS] Spawning object [zone_radioactive_weak23102][zone_radioactive_weak][23102]
[LSS] Spawning object [zone_mine_electric_weak23103][zone_mine_electric_weak][23103]
[LSS] Spawning object [zone_mine_gravitational_weak23104][zone_mine_gravitational_weak][23104]
[LSS] Spawning object [zone_radioactive_weak23105][zone_radioactive_weak][23105]
[LSS] Spawning object [zone_mine_gravitational_average23106][zone_mine_gravitational_average][23106]
[LSS] Spawning object [zone_mine_gravitational_weak23107][zone_mine_gravitational_weak][23107]
[LSS] Spawning object [zone_mine_electric_weak23108][zone_mine_electric_weak][23108]
[LSS] Spawning object [zone_mine_gravitational_average23109][zone_mine_gravitational_average][23109]
[LSS] Spawning object [zone_mine_gravitational_strong23110][zone_mine_gravitational_strong][23110]
[LSS] Spawning object [zone_radioactive_average23111][zone_radioactive_average][23111]
[LSS] Spawning object [zone_mine_gravitational_weak23112][zone_mine_gravitational_weak][23112]
[LSS] Spawning object [zone_mine_gravitational_weak23113][zone_mine_gravitational_weak][23113]
[LSS] Spawning object [zone_mine_gravitational_strong23114][zone_mine_gravitational_strong][23114]
[LSS] Spawning object [zone_mine_gravitational_strong23115][zone_mine_gravitational_strong][23115]
[LSS] Spawning object [zone_radioactive_average23116][zone_radioactive_average][23116]
[LSS] Spawning object [zone_mine_electric_average23117][zone_mine_electric_average][23117]
[LSS] Spawning object [zone_mine_gravitational_average23118][zone_mine_gravitational_average][23118]
[LSS] Spawning object [zone_mine_gravitational_average23119][zone_mine_gravitational_average][23119]
[LSS] Spawning object [zone_mine_gravitational_average23120][zone_mine_gravitational_average][23120]
[LSS] Spawning object [zone_mine_gravitational_weak23121][zone_mine_gravitational_weak][23121]
[LSS] Spawning object [zone_mine_electric_weak23122][zone_mine_electric_weak][23122]
[LSS] Spawning object [zone_mine_gravitational_strong23123][zone_mine_gravitational_strong][23123]
[LSS] Spawning object [zone_mine_electric_weak23124][zone_mine_electric_weak][23124]
[LSS] Spawning object [zone_radioactive_weak23125][zone_radioactive_weak][23125]
[LSS] Spawning object [zone_mine_electric_average23126][zone_mine_electric_average][23126]
[LSS] Spawning object [zone_radioactive_weak23127][zone_radioactive_weak][23127]
[LSS] Spawning object [zone_mine_chemical_average23128][zone_mine_chemical_average][23128]
[LSS] Spawning object [zone_mine_electric_average23129][zone_mine_electric_average][23129]
[LSS] Spawning object [zone_mine_acidic_average23130][zone_mine_acidic_average][23130]
[LSS] Spawning object [zone_mine_gravitational_average23131][zone_mine_gravitational_average][23131]
[LSS] Spawning object [zone_mine_gravitational_weak23132][zone_mine_gravitational_weak][23132]
[LSS] Spawning object [zone_mine_gravitational_average23133][zone_mine_gravitational_average][23133]
[LSS] Spawning object [zone_radioactive_average23134][zone_radioactive_average][23134]
[LSS] Spawning object [zone_mine_gravitational_strong23135][zone_mine_gravitational_strong][23135]
[LSS] Spawning object [zone_radioactive_average23136][zone_radioactive_average][23136]
[LSS] Spawning object [zone_mine_gravitational_strong23137][zone_mine_gravitational_strong][23137]
[LSS] Spawning object [zone_mine_gravitational_average23138][zone_mine_gravitational_average][23138]
[LSS] Spawning object [zone_mine_chemical_weak23139][zone_mine_chemical_weak][23139]
[LSS] Spawning object [zone_mine_gravitational_weak23140][zone_mine_gravitational_weak][23140]
[LSS] Spawning object [zone_mine_gravitational_weak23141][zone_mine_gravitational_weak][23141]
[LSS] Spawning object [zone_mine_gravitational_strong23142][zone_mine_gravitational_strong][23142]
[LSS] Spawning object [zone_mine_electric_weak23143][zone_mine_electric_weak][23143]
[LSS] Spawning object [zone_mine_gravitational_weak23144][zone_mine_gravitational_weak][23144]
[LSS] Spawning object [zone_mine_gravitational_weak23145][zone_mine_gravitational_weak][23145]
[LSS] Spawning object [zone_radioactive_average23146][zone_radioactive_average][23146]
[LSS] Spawning object [zone_mine_gravitational_average23147][zone_mine_gravitational_average][23147]
[LSS] Spawning object [zone_mine_gravitational_weak23148][zone_mine_gravitational_weak][23148]
[LSS] Spawning object [zone_mine_gravitational_average23149][zone_mine_gravitational_average][23149]
[LSS] Spawning object [zone_mine_gravitational_strong23150][zone_mine_gravitational_strong][23150]
[LSS] Spawning object [zone_mine_thermal_weak23151][zone_mine_thermal_weak][23151]
[LSS] Spawning object [zone_mine_gravitational_strong23152][zone_mine_gravitational_strong][23152]
[LSS] Spawning object [zone_mine_gravitational_average23153][zone_mine_gravitational_average][23153]
[LSS] Spawning object [zone_mine_chemical_weak23154][zone_mine_chemical_weak][23154]
[LSS] Spawning object [zone_mine_gravitational_weak23155][zone_mine_gravitational_weak][23155]
[LSS] Spawning object [zone_mine_electric_weak23156][zone_mine_electric_weak][23156]
[LSS] Spawning object [zone_radioactive_average23157][zone_radioactive_average][23157]
[LSS] Spawning object [zone_mine_gravitational_average23158][zone_mine_gravitational_average][23158]
[LSS] Spawning object [zone_mine_gravitational_weak23159][zone_mine_gravitational_weak][23159]
[LSS] Spawning object [zone_mine_thermal_average23160][zone_mine_thermal_average][23160]
[LSS] Spawning object [zone_mine_gravitational_strong23161][zone_mine_gravitational_strong][23161]
[LSS] Spawning object [zone_mine_thermal_average23162][zone_mine_thermal_average][23162]
[LSS] Spawning object [zone_mine_electric_average23163][zone_mine_electric_average][23163]
[LSS] Spawning object [zone_radioactive_weak23164][zone_radioactive_weak][23164]
[LSS] Spawning object [zone_mine_electric_average23165][zone_mine_electric_average][23165]
[LSS] Spawning object [zone_mine_gravitational_weak23166][zone_mine_gravitational_weak][23166]
[LSS] Spawning object [zone_mine_acidic_average23167][zone_mine_acidic_average][23167]
[LSS] Spawning object [zone_mine_gravitational_strong23168][zone_mine_gravitational_strong][23168]
[LSS] Spawning object [bandage23670][bandage][23670]
[LSS] Spawning object [vodka223686][vodka2][23686]
[LSS] Spawning object [chocolate_p23745][chocolate_p][23745]
[LSS] Spawning object [jar23770][jar][23770]
[LSS] Spawning object [water_drink23777][water_drink][23777]
[LSS] Spawning object [prt_i_plastic23886][prt_i_plastic][23886]
[LSS] Spawning object [ammo_5.7x28_ss190_bad23911][ammo_5.7x28_ss190_bad][23911]
[LSS] Spawning object [flask23949][flask][23949]
[LSS] Spawning object [drug_radioprotector23968][drug_radioprotector][23968]
[LSS] Spawning object [antibio_sulfad24039][antibio_sulfad][24039]
[LSS] Spawning object [ammo_9x19_fmj24057][ammo_9x19_fmj][24057]
[LSS] Spawning object [prt_o_retardant_1724094][prt_o_retardant_17][24094]
[LSS] Spawning object [ammo_9x39_pab924101][ammo_9x39_pab9][24101]
[LSS] Spawning object [flask24208][flask][24208]
[LSS] Spawning object [ammo_9x18_pmm_bad24246][ammo_9x18_pmm_bad][24246]
[LSS] Spawning object [drug_radioprotector24305][drug_radioprotector][24305]
[LSS] Spawning object [akvatab24309][akvatab][24309]
[LSS] Spawning object [corn24400][corn][24400]
[LSS] Spawning object [chocolate_p24471][chocolate_p][24471]
[LSS] Spawning object [duct_tape24472][duct_tape][24472]
[LSS] Spawning object [tomato24540][tomato][24540]
[LSS] Spawning object [toolkit_r524641][toolkit_r5][24641]
[LSS] Spawning object [antirad_kalium24732][antirad_kalium][24732]
[LSS] Spawning object [drug_coagulant24743][drug_coagulant][24743]
[LSS] Spawning object [raisins24765][raisins][24765]
[LSS] Spawning object [cigarettes_russian24835][cigarettes_russian][24835]
[LSS] Spawning object [drug_psy_blockade24882][drug_psy_blockade][24882]
[LSS] Spawning object [prt_o_retardant_1224909][prt_o_retardant_12][24909]
[LSS] Spawning object [ammo_5.56x45_ap24942][ammo_5.56x45_ap][24942]
[LSS] Spawning object [prt_o_retardant_424947][prt_o_retardant_4][24947]
[LSS] Spawning object [flashlight_broken24971][flashlight_broken][24971]
[LSS] Spawning object [dog_normal_red27082][dog_normal_red][27082]
[LSS] Spawning object [dog_normal_brown27083][dog_normal_brown][27083]
[LSS] Spawning object [dog_normal_red27084][dog_normal_red][27084]
[LSS] Spawning object [flesh_03a_normal27086][flesh_03a_normal][27086]
[LSS] Spawning object [flesh_01a_normal27087][flesh_01a_normal][27087]
[LSS] Spawning object [flesh_01a_strong27088][flesh_01a_strong][27088]
[LSS] Spawning object [boar_02a_hard27521][boar_02a_hard][27521]
[LSS] Spawning object [boar_strong27522][boar_strong][27522]
[LSS] Spawning object [boar_normal27523][boar_normal][27523]
[LSS] Spawning object [boar_01a_hard27525][boar_01a_hard][27525]
[LSS] Spawning object [flesh_01a_weak27526][flesh_01a_weak][27526]
[LSS] Spawning object [tushkano_normal_b27528][tushkano_normal_b][27528]
[LSS] Spawning object [tushkano_weak_b27529][tushkano_weak_b][27529]
[LSS] Spawning object [tushkano_strong27530][tushkano_strong][27530]
[LSS] Spawning object [tushkano_weak_a27531][tushkano_weak_a][27531]
[LSS] Spawning object [sim_default_zombied_127533][sim_default_zombied_1][27533]
[LSS] Spawning object [sim_default_zombied_427536][sim_default_zombied_4][27536]
[LSS] Spawning object [sim_default_zombied_127539][sim_default_zombied_1][27539]
[LSS] Spawning object [sim_default_bandit_227543][sim_default_bandit_2][27543]
[LSS] Spawning object [sim_default_bandit_327563][sim_default_bandit_3][27563]
[LSS] Spawning object [sim_default_stalker_127567][sim_default_stalker_1][27567]
[LSS] Spawning object [sim_default_stalker_027570][sim_default_stalker_0][27570]
[LSS] Spawning object [boar_normal27574][boar_normal][27574]
[LSS] Spawning object [zombie_strong27576][zombie_strong][27576]
[LSS] Spawning object [zombie_strong27577][zombie_strong][27577]
[LSS] Spawning object [zombie_strong27578][zombie_strong][27578]
[LSS] Spawning object [zombie_strong27579][zombie_strong][27579]
[LSS] Spawning object [tushkano_normal_b27581][tushkano_normal_b][27581]
[LSS] Spawning object [tushkano_strong_b27582][tushkano_strong_b][27582]
[LSS] Spawning object [tushkano_normal_a27583][tushkano_normal_a][27583]
[LSS] Spawning object [tushkano_normal_a27584][tushkano_normal_a][27584]
[LSS] Spawning object [dog_normal_brown27586][dog_normal_brown][27586]
[LSS] Spawning object [dog_weak_brown27587][dog_weak_brown][27587]
[LSS] Spawning object [dog_weak_bulterier27588][dog_weak_bulterier][27588]
[LSS] Spawning object [cat_normal_b27590][cat_normal_b][27590]
[LSS] Spawning object [m_crow27658][m_crow][27658]
* phase time: 87 ms
* phase cmem: 950253 K
* phase time: 93 ms
* phase cmem: 950310 K
* client : connection accepted - <All Ok>
* phase time: 83 ms
* phase cmem: 950345 K
* phase time: 79 ms
* phase cmem: 950344 K
* phase time: 1961 ms
* phase cmem: 1130179 K
DX10: d:/games/gamma/anomaly/bin/..\gamedata\shaders\r3\deffer_terrain_low_flat.ps is missing. Replace with stub_default.ps
* phase time: 133 ms
* phase cmem: 1139095 K
* [Loading VB] 65534 verts, 2047 Kb
* [Loading VB] 65528 verts, 2047 Kb
* [Loading VB] 65530 verts, 2047 Kb
* [Loading VB] 65533 verts, 2047 Kb
* [Loading VB] 65531 verts, 2047 Kb
* [Loading VB] 65528 verts, 2047 Kb
* [Loading VB] 65526 verts, 2047 Kb
* [Loading VB] 65534 verts, 2047 Kb [2]
* [Loading VB] 65512 verts, 2047 Kb
* [Loading VB] 47422 verts, 1481 Kb
* [Loading VB] 65526 verts, 2047 Kb
* [Loading VB] 65533 verts, 2047 Kb
* [Loading VB] 65534 verts, 2047 Kb
* [Loading VB] 65535 verts, 2047 Kb [2]
* [Loading VB] 65531 verts, 2047 Kb
* [Loading VB] 65535 verts, 2047 Kb
* [Loading VB] 65522 verts, 2047 Kb
* [Loading VB] 65533 verts, 2047 Kb
* [Loading VB] 65523 verts, 2047 Kb
* [Loading VB] 65534 verts, 2047 Kb [3]
* [Loading VB] 65515 verts, 2047 Kb
* [Loading VB] 65535 verts, 2047 Kb
* [Loading VB] 65532 verts, 2047 Kb [2]
* [Loading VB] 1180 verts, 36 Kb
* [Loading VB] 65534 verts, 2047 Kb [5]
* [Loading VB] 65485 verts, 2046 Kb
* [Loading VB] 6564 verts, 205 Kb
* [Loading IB] 1048575 indices, 2047 Kb
* [Loading IB] 1048572 indices, 2047 Kb
* [Loading IB] 1048575 indices, 2047 Kb
* [Loading IB] 1048572 indices, 2047 Kb
* [Loading IB] 1048575 indices, 2047 Kb
* [Loading IB] 1048572 indices, 2047 Kb
* [Loading IB] 1048575 indices, 2047 Kb
* [Loading IB] 1048572 indices, 2047 Kb [2]
* [Loading IB] 1048575 indices, 2047 Kb
* [Loading IB] 1048572 indices, 2047 Kb
* [Loading IB] 1048575 indices, 2047 Kb [2]
* [Loading IB] 1048572 indices, 2047 Kb
* [Loading IB] 154905 indices, 302 Kb
* [Loading VB] 65534 verts, 767 Kb
* [Loading VB] 65535 verts, 767 Kb
* [Loading VB] 65534 verts, 767 Kb
* [Loading VB] 65532 verts, 767 Kb
* [Loading VB] 65534 verts, 767 Kb
* [Loading VB] 65535 verts, 767 Kb
* [Loading VB] 65534 verts, 767 Kb
* [Loading VB] 65532 verts, 767 Kb
* [Loading VB] 65534 verts, 767 Kb
* [Loading VB] 65535 verts, 767 Kb
* [Loading VB] 65532 verts, 767 Kb
* [Loading VB] 20645 verts, 241 Kb
* [Loading IB] 1048575 indices, 2047 Kb
* [Loading IB] 1048572 indices, 2047 Kb
* [Loading IB] 1048575 indices, 2047 Kb [4]
* [Loading IB] 435264 indices, 850 Kb
* phase time: 192 ms
* phase cmem: 1139729 K
* phase time: 109 ms
* phase cmem: 1151005 K
* [DETAILS] VertexConsts(256), Batch(61)
* [DETAILS] 48739 v(20), 31842 p
* [DETAILS] Batch(61), VB(951K), IB(186K)
* phase time: 91 ms
* phase cmem: 1151151 K
* Loading HOM: d:/games/gamma/anomaly/bin/..\gamedata\levels\l01_escape\level.hom
* phase time: 94 ms
* phase cmem: 1151548 K
* phase time: 84 ms
* phase cmem: 1151545 K
* phase time: 84 ms
* phase cmem: 1151545 K
CResourceManager::DeferredUpload -> START, size = 1834
texture loading time: 556
* t-report - base: 1823, 2657651 K
* t-report - lmap: 11, 11265 K
* phase time: 1085 ms
* phase cmem: 1187685 K
* phase time: 105 ms
* phase cmem: 1187689 K
* [x-ray]: Full Memory Stats
* [win32]: free[137427668616 K], reserved[4775996 K], committed[6508796 K]
* [ D3D ]: textures[2763787 K]
* [x-ray]: process heap[1187689 K]
* [x-ray]: shared strings: memory[73819 K], count[148942]
* [x-ray]: shared memory: memory[49894 K]
Time continual is:19438
exec_console_cmd g_game_difficulty gd_novice
# LOADING: level_weather | cycle: foggy - preset: w_foggy2 - is_underground: false - weather_storage size: 0
exec_console_cmd ai_aim_max_angle 0.7854
exec_console_cmd ai_aim_min_angle 0.19635
exec_console_cmd ai_aim_min_speed 0.24
exec_console_cmd ai_aim_predict_time 0.40
-Smart terrains can spawn squads normaly
exec_console_cmd ai_die_in_anomaly 0
exec_console_cmd g_game_difficulty gd_novice
g_game_difficulty gd_novice
exec_console_cmd g_hit_pwr_modif 1
g_hit_pwr_modif 1
exec_console_cmd g_dispersion_base 2
g_dispersion_base 2
exec_console_cmd g_dispersion_factor 3
g_dispersion_factor 3
exec_console_cmd power_loss_bias 0.2
exec_console_cmd wpn_degradation 0.5
- Water deprivation | Enabled
- Sleep deprivation | Enabled
exec_console_cmd r2_drops_control 0,0,0
Time continual is:22979
$[NPCD][Main] npcd actor_on_first_update
exec_console_cmd time_factor 1
$[NPCD][Main] npcd_squad actor_on_first_update
exec_console_cmd r__fakescope 1
* loading script scopeRadii.script
$[NPCD][Main] npcd_manager actor_on_first_update
//[NPE][MCM] npe_get_setting logs logging_level
Log level: 2
//[NPE][MCM] npe_get_setting logs conf_logs
CONF enabled: false
//[NPE][MCM] npe_get_setting logs overr_logs
//[NPE][MCM] npe_get_setting logs rgstr_logs
//[NPE][MCM] npe_get_setting logs pool_logs
//[NPE][MCM] npe_get_setting logs exec_logs
//[NPE][MCM] npe_get_setting logs activ_logs
//[NPE][MCM] npe_get_setting logs queue_logs
//[NPE][MCM] npe_get_setting logs play_logs
//[NPE][MCM] npe_get_setting logs event_logs
//[NPE][MCM] npe_get_setting logs action_logs
//[NPE][MCM] npe_get_setting logs ui_logs
//[NPE][MCM] npe_get_setting logs ui_exec_logs
//[NPE][MCM] npe_get_setting general enable
//[NPE][MCM] npe_get_setting general execution_loop
//[NPE][MCM] npe_get_setting general play_loop
//[NPE][MCM] npe_get_setting general sounds_set
//[NPE][MCM] npe_get_setting general pause_game
//[NPE][MCM] npe_get_setting general disable_dof
//[NPE][MCM] npe_get_setting general safe_distance_threat
 Settings:
enable: true
actions_execution_loop: 1
disable_dof: false
play_loop: 10
sounds_set: NPE_LOW
pause_game: false
safe_distance_threat: 60
execution_loop: 3
//[NPE][MCM] npe_get_setting general enable
$[NPCD][Main] zz_npcd_mp actor_on_first_update
- Default community: stalker
$[NPCD][Main] npcd_logging actor_on_first_update
$[NPCD][Main] npcd_input_manager actor_on_first_update
$[NPCD][Main] npcd_dialogs actor_on_first_update
$[NPCD][Spotters] spotters_mcm actor_on_first_update
# LOADING: Ironman mode - Second Wind | Life Granting is off
--k=RadiationProtection v=5
--k=WoundImmunity v=16
--k=FireWoundImmunity v=15
--k=ChemicalBurnImmunity v=12
--k=ChemicalBurnProtection v=7
--k=TelepaticProtection v=6
--k=ExplImmunity v=13
--k=PowerRestore v=1
--k=StrikeImmunity v=14
--k=ShockImmunity v=9
--k=MaxCount v=17
--k=TelepaticImmunity v=11
--k=RadiationImmunity v=10
--k=HpRestore v=0
--k=RadiationRestore v=2
--k=MaxWeight v=4
--k=BurnImmunity v=8
--k=BleedingRestore v=3
$[NPCD][Main] npcd_actionbar actor_on_first_update
$[NPCD][Main] npcd_hud actor_on_first_update
$[NPCD][Spotter] spotters actor_on_first_update
collectgarbage before=43771006Kb
collectgarbage after=30692730Kb
exec_console_cmd r2_drops_control 0,0,0
exec_console_cmd r2_mask_control 0,0,0,0
- OCS | Full simulation = ON
intro_start game_loaded
* [x-ray]: Handled Necessary Textures Destruction
* MEMORY USAGE: 1363517 K
* End of synchronization A[1] R[1]
intro_delete ::update_game_loaded
Time continual is:26740
/[NPCD][Main][CONF]npc 19345 perks registration
[NPCD][Main][CONF]npc 19345 perk perk_sportshooter register
[NPCD][Main][CONF]npc 19345 perk perk_sportshooter registered
-[NPCD][Main][CONF]npc 19345 updates ability spotters_perk_sportshooter_feat_dikecstance
[NPCD][Main][CONF]npc 19345 perk perk_spotter register
[NPCD][Main][CONF]npc 19345 perk perk_spotter registered
-[NPCD][Main][CONF]npc 19345 updates ability spotters_perk_spotter_feat_callmark
-[NPCD][Main][CONF]npc 19345 updates ability spotters_perk_spotter_feat_spot
[NPCD][Main][CONF]npc 19345 perk perk_deadeye register
[NPCD][Main][CONF]npc 19345 perk perk_deadeye registered
-[NPCD][Main][CONF]npc 19345 updates ability spotters_perk_deadeye_feat_deadeye
[NPCD][Main][CONF]npc 19345 perk perk_rifleman register
[NPCD][Main][CONF]npc 19345 perk perk_rifleman registered
-[NPCD][Main][CONF]npc 19345 updates ability spotters_perk_rifleman_feat_rifleman
/[NPCD][Main][CONF]npc 19369 perks registration
[NPCD][Main][CONF]npc 19369 perk perk_deadeye register
[NPCD][Main][CONF]npc 19369 perk perk_deadeye registered
-[NPCD][Main][CONF]npc 19369 updates ability spotters_perk_deadeye_feat_deadeye
[NPCD][Main][CONF]npc 19369 perk perk_spotter register
[NPCD][Main][CONF]npc 19369 perk perk_spotter registered
-[NPCD][Main][CONF]npc 19369 updates ability spotters_perk_spotter_feat_callmark
-[NPCD][Main][CONF]npc 19369 updates ability spotters_perk_spotter_feat_spot
[NPCD][Main][CONF]npc 19369 perk perk_teamcom register
[NPCD][Main][CONF]npc 19369 perk perk_teamcom registered
-[NPCD][Main][CONF]npc 19369 updates ability spotters_perk_teamcom_feat_reporting
/[NPCD][Main][CONF]npc 19372 perks registration
[NPCD][Main][CONF]npc 19372 perk perk_deadeye register
[NPCD][Main][CONF]npc 19372 perk perk_deadeye registered
-[NPCD][Main][CONF]npc 19372 updates ability spotters_perk_deadeye_feat_deadeye
[NPCD][Main][CONF]npc 19372 perk perk_spotter register
[NPCD][Main][CONF]npc 19372 perk perk_spotter registered
-[NPCD][Main][CONF]npc 19372 updates ability spotters_perk_spotter_feat_callmark
-[NPCD][Main][CONF]npc 19372 updates ability spotters_perk_spotter_feat_spot
[NPCD][Main][CONF]npc 19372 perk perk_sportshooter register
[NPCD][Main][CONF]npc 19372 perk perk_sportshooter registered
-[NPCD][Main][CONF]npc 19372 updates ability spotters_perk_sportshooter_feat_dikecstance
/[NPCD][Main][CONF]npc 19375 perks registration
[NPCD][Main][CONF]npc 19375 perk perk_sportshooter register
[NPCD][Main][CONF]npc 19375 perk perk_sportshooter registered
-[NPCD][Main][CONF]npc 19375 updates ability spotters_perk_sportshooter_feat_dikecstance
[NPCD][Main][CONF]npc 19375 perk perk_spotter register
[NPCD][Main][CONF]npc 19375 perk perk_spotter registered
-[NPCD][Main][CONF]npc 19375 updates ability spotters_perk_spotter_feat_callmark
-[NPCD][Main][CONF]npc 19375 updates ability spotters_perk_spotter_feat_spot
[NPCD][Main][CONF]npc 19375 perk perk_rifleman register
[NPCD][Main][CONF]npc 19375 perk perk_rifleman registered
-[NPCD][Main][CONF]npc 19375 updates ability spotters_perk_rifleman_feat_rifleman
/[NPCD][Main][CONF]npc 19378 perks registration
[NPCD][Main][CONF]npc 19378 perk perk_deadeye register
[NPCD][Main][CONF]npc 19378 perk perk_deadeye registered
-[NPCD][Main][CONF]npc 19378 updates ability spotters_perk_deadeye_feat_deadeye
[NPCD][Main][CONF]npc 19378 perk perk_spotter register
[NPCD][Main][CONF]npc 19378 perk perk_spotter registered
-[NPCD][Main][CONF]npc 19378 updates ability spotters_perk_spotter_feat_callmark
-[NPCD][Main][CONF]npc 19378 updates ability spotters_perk_spotter_feat_spot
[NPCD][Main][CONF]npc 19378 perk perk_teamcom register
[NPCD][Main][CONF]npc 19378 perk perk_teamcom registered
-[NPCD][Main][CONF]npc 19378 updates ability spotters_perk_teamcom_feat_reporting
[NPCD][Main][CONF]npc 19378 perk perk_rifleman register
[NPCD][Main][CONF]npc 19378 perk perk_rifleman registered
-[NPCD][Main][CONF]npc 19378 updates ability spotters_perk_rifleman_feat_rifleman
/[NPCD][Main][CONF]updating active deck
/[NPCD][Main][CONF]unregistering active deck
/[NPCD][Main][CONF]building active deck
[NPCD][Main][CONF]adding perk perk_sportshooter from npc 19345
[NPCD][Main][CONF]adding perk perk_spotter from npc 19345
[NPCD][Main][CONF]adding perk perk_deadeye from npc 19345
[NPCD][Main][CONF]adding perk perk_rifleman from npc 19345
[NPCD][Main][CONF]skipping duplicate perk perk_deadeye from npc 19369
[NPCD][Main][CONF]skipping duplicate perk perk_spotter from npc 19369
[NPCD][Main][CONF]adding perk perk_teamcom from npc 19369
[NPCD][Main][CONF]skipping duplicate perk perk_deadeye from npc 19372
[NPCD][Main][CONF]skipping duplicate perk perk_spotter from npc 19372
[NPCD][Main][CONF]skipping duplicate perk perk_sportshooter from npc 19372
[NPCD][Main][CONF]skipping duplicate perk perk_sportshooter from npc 19375
[NPCD][Main][CONF]skipping duplicate perk perk_spotter from npc 19375
[NPCD][Main][CONF]skipping duplicate perk perk_rifleman from npc 19375
[NPCD][Main][CONF]skipping duplicate perk perk_deadeye from npc 19378
[NPCD][Main][CONF]skipping duplicate perk perk_spotter from npc 19378
[NPCD][Main][CONF]skipping duplicate perk perk_teamcom from npc 19378
[NPCD][Main][CONF]skipping duplicate perk perk_rifleman from npc 19378
[NPCD][Main][CONF]TABLE: | 25724 | 
-- Actor Deck
{
	['Perk'] = {
		['perk_sportshooter'] = {
			['npc_id'] = 19345,
			['rank'] = 3,
			['id'] = 'perk_sportshooter'
		},
		['perk_deadeye'] = {
			['npc_id'] = 19345,
			['rank'] = 3,
			['id'] = 'perk_deadeye'
		},
		['perk_spotter'] = {
			['npc_id'] = 19345,
			['rank'] = 3,
			['id'] = 'perk_spotter'
		},
		['perk_teamcom'] = {
			['npc_id'] = 19369,
			['rank'] = 1,
			['id'] = 'perk_teamcom'
		},
		['perk_rifleman'] = {
			['npc_id'] = 19345,
			['rank'] = 3,
			['id'] = 'perk_rifleman'
		}
	}
}
/[NPCD][Main][CONF]registering npc 19345 feat feat_dikecstance
/[NPCD][Main][CONF]registering npc 19345 feat feat_deadeye
/[NPCD][Main][CONF]registering npc 19345 feat feat_callmark
ui_mcm_npcd_module_spotters_notification_master_perk
[NPCD][Main][CONF]npcd_get_setting actionbar slots/spotters_perk_spotter_feat_callmark_index
!MCM given bad path:npcd/actionbar/slots/spotters_perk_spotter_feat_callmark_index
-[NPCD][Main][CONF]added slot 0 for action spotters_perk_spotter_feat_callmark
[NPCD][Main][CONF]npcd_get_setting actionbar slots/spotters_perk_spotter_feat_callmark_keybind
!MCM given bad path:npcd/actionbar/slots/spotters_perk_spotter_feat_callmark_keybind
[NPCD][Main][CONF]npcd_get_setting actionbar slots/spotters_perk_spotter_feat_callmark_modifier
!MCM given bad path:npcd/actionbar/slots/spotters_perk_spotter_feat_callmark_modifier
[NPCD][Main][CONF]npcd_get_setting actionbar slots/spotters_perk_spotter_feat_callmark_second_key
!MCM given bad path:npcd/actionbar/slots/spotters_perk_spotter_feat_callmark_second_key
[NPCD][Main][CONF]TABLE: | 25724 | 
-- Actionbar:add action slot
{
	['activation_input'] = {
		['settings'] = {
 
		},
		['action'] = {
			['attr'] = {
				['npc_id'] = 19345
			},
			['activation_functor'] = {
				[1] = 'spotters',
				[2] = 'activate_callmark'
			},
			['key'] = 'spotters_perk_spotter_feat_callmark',
			['state_functor'] = {
				[1] = 'npcd',
				[2] = 'get_ability',
				[3] = 19345,
				[4] = 'spotters_perk_spotter_feat_callmark'
			}
		}
	},
	['action'] = {
 
},
['key'] = 'spotters_perk_spotter_feat_callmark',
['index'] = 0
}
/[NPCD][Main][CONF]registering npc 19345 feat feat_spot
/[NPCD][Main][CONF]registering npc 19369 feat feat_reporting
[NPCD][Main][CONF]npcd_get_setting actionbar slots/spotters_perk_teamcom_feat_reporting_index
!MCM given bad path:npcd/actionbar/slots/spotters_perk_teamcom_feat_reporting_index
-[NPCD][Main][CONF]added slot 0 for action spotters_perk_teamcom_feat_reporting
[NPCD][Main][CONF]npcd_get_setting actionbar slots/spotters_perk_teamcom_feat_reporting_keybind
!MCM given bad path:npcd/actionbar/slots/spotters_perk_teamcom_feat_reporting_keybind
[NPCD][Main][CONF]npcd_get_setting actionbar slots/spotters_perk_teamcom_feat_reporting_modifier
!MCM given bad path:npcd/actionbar/slots/spotters_perk_teamcom_feat_reporting_modifier
[NPCD][Main][CONF]npcd_get_setting actionbar slots/spotters_perk_teamcom_feat_reporting_second_key
!MCM given bad path:npcd/actionbar/slots/spotters_perk_teamcom_feat_reporting_second_key
[NPCD][Main][CONF]TABLE: | 25724 | 
-- Actionbar:add action slot
{
	['activation_input'] = {
		['settings'] = {
 
		},
		['action'] = {
			['attr'] = {
				['npc_id'] = 19369
			},
			['activation_functor'] = {
				[1] = 'spotters',
				[2] = 'activate_reporting'
			},
			['key'] = 'spotters_perk_teamcom_feat_reporting',
			['state_functor'] = {
				[1] = 'npcd',
				[2] = 'get_ability',
				[3] = 19369,
				[4] = 'spotters_perk_teamcom_feat_reporting'
			}
		}
	},
	['action'] = {
 
},
['key'] = 'spotters_perk_teamcom_feat_reporting',
['index'] = 0
}
/[NPCD][Main][CONF]registering npc 19345 feat feat_rifleman
[NPCD][Main][CONF]TABLE: | 25724 | 
-- -- New action list
{
	[1] = {
		['attr'] = {
			['npc_id'] = 19345
		},
		['activation_functor'] = {
			[1] = 'spotters',
			[2] = 'activate_callmark'
		},
		['key'] = 'spotters_perk_spotter_feat_callmark',
		['state_functor'] = {
			[1] = 'npcd',
			[2] = 'get_ability',
			[3] = 19345,
			[4] = 'spotters_perk_spotter_feat_callmark'
		}
	},
	[2] = {
		['attr'] = {
			['npc_id'] = 19369
		},
		['activation_functor'] = {
			[1] = 'spotters',
			[2] = 'activate_reporting'
		},
		['key'] = 'spotters_perk_teamcom_feat_reporting',
		['state_functor'] = {
			[1] = 'npcd',
			[2] = 'get_ability',
			[3] = 19369,
			[4] = 'spotters_perk_teamcom_feat_reporting'
		}
	}
}
[NPCD][Main][CONF]npcd_get_setting actionbar main/max_slots
[NPCD][Main][CONF]npcd_get_setting actionbar main/show_empty
[NPCD][Main][CONF]npcd_get_setting actionbar main/show_always
[NPCD][Main][CONF]npcd_get_setting actionbar main/show_index
[NPCD][Main][CONF]npcd_get_setting actionbar main/offset_x
[NPCD][Main][CONF]npcd_get_setting actionbar main/offset_y
[NPCD][Main][CONF]TABLE: | 25724 | 
-- Updating actionbar with action list
{
	[1] = {
		['attr'] = {
			['npc_id'] = 19345
		},
		['activation_functor'] = {
			[1] = 'spotters',
			[2] = 'activate_callmark'
		},
		['key'] = 'spotters_perk_spotter_feat_callmark',
		['state_functor'] = {
			[1] = 'npcd',
			[2] = 'get_ability',
			[3] = 19345,
			[4] = 'spotters_perk_spotter_feat_callmark'
		}
	},
	[2] = {
		['attr'] = {
			['npc_id'] = 19369
		},
		['activation_functor'] = {
			[1] = 'spotters',
			[2] = 'activate_reporting'
		},
		['key'] = 'spotters_perk_teamcom_feat_reporting',
		['state_functor'] = {
			[1] = 'npcd',
			[2] = 'get_ability',
			[3] = 19369,
			[4] = 'spotters_perk_teamcom_feat_reporting'
		}
	}
}
[NPCD][Main][CONF]npcd_get_setting actionbar slots/spotters_perk_spotter_feat_callmark_index
!MCM given bad path:npcd/actionbar/slots/spotters_perk_spotter_feat_callmark_index
-[NPCD][Main][CONF]added slot 0 for action spotters_perk_spotter_feat_callmark
[NPCD][Main][CONF]npcd_get_setting actionbar slots/spotters_perk_spotter_feat_callmark_keybind
!MCM given bad path:npcd/actionbar/slots/spotters_perk_spotter_feat_callmark_keybind
[NPCD][Main][CONF]npcd_get_setting actionbar slots/spotters_perk_spotter_feat_callmark_modifier
!MCM given bad path:npcd/actionbar/slots/spotters_perk_spotter_feat_callmark_modifier
[NPCD][Main][CONF]npcd_get_setting actionbar slots/spotters_perk_spotter_feat_callmark_second_key
!MCM given bad path:npcd/actionbar/slots/spotters_perk_spotter_feat_callmark_second_key
[NPCD][Main][CONF]TABLE: | 25724 | 
-- Actionbar:add action slot
{
	['activation_input'] = {
		['settings'] = {
 
		},
		['action'] = {
			['attr'] = {
				['npc_id'] = 19345
			},
			['activation_functor'] = {
				[1] = 'spotters',
				[2] = 'activate_callmark'
			},
			['key'] = 'spotters_perk_spotter_feat_callmark',
			['state_functor'] = {
				[1] = 'npcd',
				[2] = 'get_ability',
				[3] = 19345,
				[4] = 'spotters_perk_spotter_feat_callmark'
			}
		}
	},
	['action'] = {
 
},
['key'] = 'spotters_perk_spotter_feat_callmark',
['index'] = 0
}
[NPCD][Main][CONF]npcd_get_setting actionbar slots/spotters_perk_teamcom_feat_reporting_index
!MCM given bad path:npcd/actionbar/slots/spotters_perk_teamcom_feat_reporting_index
-[NPCD][Main][CONF]added slot 0 for action spotters_perk_teamcom_feat_reporting
[NPCD][Main][CONF]npcd_get_setting actionbar slots/spotters_perk_teamcom_feat_reporting_keybind
!MCM given bad path:npcd/actionbar/slots/spotters_perk_teamcom_feat_reporting_keybind
[NPCD][Main][CONF]npcd_get_setting actionbar slots/spotters_perk_teamcom_feat_reporting_modifier
!MCM given bad path:npcd/actionbar/slots/spotters_perk_teamcom_feat_reporting_modifier
[NPCD][Main][CONF]npcd_get_setting actionbar slots/spotters_perk_teamcom_feat_reporting_second_key
!MCM given bad path:npcd/actionbar/slots/spotters_perk_teamcom_feat_reporting_second_key
[NPCD][Main][CONF]TABLE: | 25724 | 
-- Actionbar:add action slot
{
	['activation_input'] = {
		['settings'] = {
 
		},
		['action'] = {
			['attr'] = {
				['npc_id'] = 19369
			},
			['activation_functor'] = {
				[1] = 'spotters',
				[2] = 'activate_reporting'
			},
			['key'] = 'spotters_perk_teamcom_feat_reporting',
			['state_functor'] = {
				[1] = 'npcd',
				[2] = 'get_ability',
				[3] = 19369,
				[4] = 'spotters_perk_teamcom_feat_reporting'
			}
		}
	},
	['action'] = {
 
},
['key'] = 'spotters_perk_teamcom_feat_reporting',
['index'] = 0
}
-[NPCD][Main][CONF]Binding all actionbar slots
[NPCD][Main][CONF]npcd_get_setting actionbar slots/spotters_perk_spotter_feat_callmark_index
[NPCD][Main][CONF]npcd_get_setting actionbar slots/spotters_perk_spotter_feat_callmark_keybind
[NPCD][Main][CONF]npcd_get_setting actionbar slots/spotters_perk_spotter_feat_callmark_modifier
[NPCD][Main][CONF]npcd_get_setting actionbar slots/spotters_perk_spotter_feat_callmark_second_key
[NPCD][Main][CONF]Updated action slot 0 for action spotters_perk_spotter_feat_callmark
[NPCD][Main][CONF]npcd_get_setting actionbar slots/spotters_perk_teamcom_feat_reporting_index
[NPCD][Main][CONF]npcd_get_setting actionbar slots/spotters_perk_teamcom_feat_reporting_keybind
[NPCD][Main][CONF]npcd_get_setting actionbar slots/spotters_perk_teamcom_feat_reporting_modifier
[NPCD][Main][CONF]npcd_get_setting actionbar slots/spotters_perk_teamcom_feat_reporting_second_key
[NPCD][Main][CONF]Updated action slot 0 for action spotters_perk_teamcom_feat_reporting
[NPCD][Main][CONF]Updated 2 actionbar slots
/[NPCD][Main][CONF]getting actionbar slots list
[NPCD][Main][CONF]npcd_get_setting actionbar main/max_slots
[NPCD][Main][CONF]TABLE: | 25724 | 
-- Restart Abilities - NPC perks:
{
	['perk_sportshooter'] = {
		['enabled'] = true,
		['id'] = 'perk_sportshooter'
	},
	['perk_spotter'] = {
		['enabled'] = true,
		['id'] = 'perk_spotter'
	},
	['perk_deadeye'] = {
		['enabled'] = true,
		['id'] = 'perk_deadeye'
	},
	['perk_rifleman'] = {
		['enabled'] = true,
		['id'] = 'perk_rifleman'
	}
}
[NPCD][Main][CONF]TABLE: | 25724 | 
-- npc ability data
{
	['feat_id'] = 'feat_callmark',
	['icon'] = 'ui_icons_spotter_pin_redskull',
	['id'] = 'spotters_perk_spotter_feat_callmark',
	['mode'] = 'st_npcd_feat_mode_manual',
	['state'] = 'READY',
	['registered'] = true,
	['icon_slot'] = 'ui_icons_spotter_pin_redskull',
	['enabled'] = false,
	['cooldown'] = 150,
	['timer'] = -9999
}
[NPCD][Main][CONF]TABLE: | 25724 | 
-- npc ability data
{
	['feat_id'] = 'feat_spot',
	['icon'] = 'ui_icons_spotter_crosshair_gradient',
	['id'] = 'spotters_perk_spotter_feat_spot',
	['mode'] = 'st_npcd_feat_mode_auto',
	['state'] = 'READY',
	['registered'] = true,
	['icon_slot'] = 'ui_icons_spotter_crosshair_gradient',
	['enabled'] = false,
	['cooldown'] = 20,
	['timer'] = -9999
}
[NPCD][Main][CONF]TABLE: | 25724 | 
-- Restarted Abilities
{
	['spotters_perk_sportshooter_feat_dikecstance'] = {
		['feat_id'] = 'feat_dikecstance',
		['icon'] = 'ui_dikec_hud_bw',
		['id'] = 'spotters_perk_sportshooter_feat_dikecstance',
		['mode'] = 'st_npcd_feat_mode_stance',
		['state'] = 'READY',
		['registered'] = true,
		['icon_slot'] = 'ui_dikec_hud_bw',
		['enabled'] = false,
		['cooldown'] = 1,
		['timer'] = -9999
	},
	['spotters_perk_spotter_feat_spot'] = {
		['feat_id'] = 'feat_spot',
		['icon'] = 'ui_icons_spotter_crosshair_gradient',
		['id'] = 'spotters_perk_spotter_feat_spot',
		['mode'] = 'st_npcd_feat_mode_auto',
		['state'] = 'READY',
		['registered'] = true,
		['icon_slot'] = 'ui_icons_spotter_crosshair_gradient',
		['enabled'] = false,
		['cooldown'] = 20,
		['timer'] = -9999
	},
	['spotters_perk_rifleman_feat_rifleman'] = {
		['feat_id'] = 'feat_rifleman',
		['icon'] = 'ui_rifleman_hud_bw',
		['id'] = 'spotters_perk_rifleman_feat_rifleman',
		['mode'] = 'st_npcd_feat_mode_event',
		['state'] = 'READY',
		['registered'] = true,
		['icon_slot'] = 'ui_rifleman_hud_bw',
		['enabled'] = false,
		['cooldown'] = 1,
		['timer'] = -9999
	},
	['spotters_perk_deadeye_feat_deadeye'] = {
		['feat_id'] = 'feat_deadeye',
		['icon'] = 'ui_icons_spotter_pin_impobj_person',
		['id'] = 'spotters_perk_deadeye_feat_deadeye',
		['mode'] = 'st_npcd_feat_mode_event',
		['state'] = 'READY',
		['registered'] = true,
		['icon_slot'] = 'ui_icons_spotter_pin_impobj_person',
		['enabled'] = false,
		['cooldown'] = 1,
		['timer'] = -9999
	},
	['spotters_perk_spotter_feat_callmark'] = {
		['feat_id'] = 'feat_callmark',
		['icon'] = 'ui_icons_spotter_pin_redskull',
		['id'] = 'spotters_perk_spotter_feat_callmark',
		['mode'] = 'st_npcd_feat_mode_manual',
		['state'] = 'READY',
		['registered'] = true,
		['icon_slot'] = 'ui_icons_spotter_pin_redskull',
		['enabled'] = false,
		['cooldown'] = 150,
		['timer'] = -9999
	}
}
[NPCD][Main][CONF]TABLE: | 25724 | 
-- Restart Abilities - NPC perks:
{
	['perk_deadeye'] = {
		['enabled'] = true,
		['id'] = 'perk_deadeye'
	},
	['perk_spotter'] = {
		['enabled'] = true,
		['id'] = 'perk_spotter'
	},
	['perk_teamcom'] = {
		['enabled'] = true,
		['id'] = 'perk_teamcom'
	}
}
[NPCD][Main][CONF]TABLE: | 25724 | 
-- npc ability data
{
	['feat_id'] = 'feat_reporting',
	['icon'] = 'ui_icons_spotter_btn_set',
	['id'] = 'spotters_perk_teamcom_feat_reporting',
	['mode'] = 'st_npcd_feat_mode_modal',
	['state'] = 'READY',
	['registered'] = true,
	['icon_slot'] = 'ui_icons_spotter_btn_set',
	['enabled'] = false,
	['cooldown'] = 1,
	['timer'] = -9999
}
[NPCD][Main][CONF]TABLE: | 25724 | 
-- Restarted Abilities
{
	['spotters_perk_spotter_feat_callmark'] = {
		['feat_id'] = 'feat_callmark',
		['icon'] = 'ui_icons_spotter_pin_redskull',
		['id'] = 'spotters_perk_spotter_feat_callmark',
		['mode'] = 'st_npcd_feat_mode_manual',
		['state'] = 'READY',
		['registered'] = false,
		['icon_slot'] = 'ui_icons_spotter_pin_redskull',
		['enabled'] = false,
		['cooldown'] = 180,
		['timer'] = -9999
	},
	['spotters_perk_deadeye_feat_deadeye'] = {
		['feat_id'] = 'feat_deadeye',
		['icon'] = 'ui_icons_spotter_pin_impobj_person',
		['id'] = 'spotters_perk_deadeye_feat_deadeye',
		['mode'] = 'st_npcd_feat_mode_event',
		['state'] = 'READY',
		['registered'] = false,
		['icon_slot'] = 'ui_icons_spotter_pin_impobj_person',
		['enabled'] = false,
		['cooldown'] = 1,
		['timer'] = -9999
	},
	['spotters_perk_spotter_feat_spot'] = {
		['feat_id'] = 'feat_spot',
		['icon'] = 'ui_icons_spotter_crosshair_gradient',
		['id'] = 'spotters_perk_spotter_feat_spot',
		['mode'] = 'st_npcd_feat_mode_auto',
		['state'] = 'READY',
		['registered'] = false,
		['icon_slot'] = 'ui_icons_spotter_crosshair_gradient',
		['enabled'] = false,
		['cooldown'] = 30,
		['timer'] = -9999
	},
	['spotters_perk_teamcom_feat_reporting'] = {
		['feat_id'] = 'feat_reporting',
		['icon'] = 'ui_icons_spotter_btn_set',
		['id'] = 'spotters_perk_teamcom_feat_reporting',
		['mode'] = 'st_npcd_feat_mode_modal',
		['state'] = 'READY',
		['registered'] = true,
		['icon_slot'] = 'ui_icons_spotter_btn_set',
		['enabled'] = false,
		['cooldown'] = 1,
		['timer'] = -9999
	}
}
[NPCD][Main][CONF]TABLE: | 25724 | 
-- Restart Abilities - NPC perks:
{
	['perk_deadeye'] = {
		['enabled'] = true,
		['id'] = 'perk_deadeye'
	},
	['perk_spotter'] = {
		['enabled'] = true,
		['id'] = 'perk_spotter'
	},
	['perk_sportshooter'] = {
		['enabled'] = true,
		['id'] = 'perk_sportshooter'
	}
}
[NPCD][Main][CONF]TABLE: | 25724 | 
-- Restarted Abilities
{
	['spotters_perk_spotter_feat_spot'] = {
		['feat_id'] = 'feat_spot',
		['icon'] = 'ui_icons_spotter_crosshair_gradient',
		['id'] = 'spotters_perk_spotter_feat_spot',
		['mode'] = 'st_npcd_feat_mode_auto',
		['state'] = 'READY',
		['registered'] = false,
		['icon_slot'] = 'ui_icons_spotter_crosshair_gradient',
		['enabled'] = false,
		['cooldown'] = 30,
		['timer'] = -9999
	},
	['spotters_perk_deadeye_feat_deadeye'] = {
		['feat_id'] = 'feat_deadeye',
		['icon'] = 'ui_icons_spotter_pin_impobj_person',
		['id'] = 'spotters_perk_deadeye_feat_deadeye',
		['mode'] = 'st_npcd_feat_mode_event',
		['state'] = 'READY',
		['registered'] = false,
		['icon_slot'] = 'ui_icons_spotter_pin_impobj_person',
		['enabled'] = false,
		['cooldown'] = 1,
		['timer'] = -9999
	},
	['spotters_perk_sportshooter_feat_dikecstance'] = {
		['feat_id'] = 'feat_dikecstance',
		['icon'] = 'ui_dikec_hud_bw',
		['id'] = 'spotters_perk_sportshooter_feat_dikecstance',
		['mode'] = 'st_npcd_feat_mode_stance',
		['state'] = 'READY',
		['registered'] = false,
		['icon_slot'] = 'ui_dikec_hud_bw',
		['enabled'] = false,
		['cooldown'] = 1,
		['timer'] = -9999
	},
	['spotters_perk_spotter_feat_callmark'] = {
		['feat_id'] = 'feat_callmark',
		['icon'] = 'ui_icons_spotter_pin_redskull',
		['id'] = 'spotters_perk_spotter_feat_callmark',
		['mode'] = 'st_npcd_feat_mode_manual',
		['state'] = 'READY',
		['registered'] = false,
		['icon_slot'] = 'ui_icons_spotter_pin_redskull',
		['enabled'] = false,
		['cooldown'] = 180,
		['timer'] = -9999
	}
}
[NPCD][Main][CONF]TABLE: | 25724 | 
-- Restart Abilities - NPC perks:
{
	['perk_sportshooter'] = {
		['enabled'] = true,
		['id'] = 'perk_sportshooter'
	},
	['perk_spotter'] = {
		['enabled'] = true,
		['id'] = 'perk_spotter'
	},
	['perk_rifleman'] = {
		['enabled'] = true,
		['id'] = 'perk_rifleman'
	}
}
[NPCD][Main][CONF]TABLE: | 25724 | 
-- Restarted Abilities
{
	['spotters_perk_spotter_feat_spot'] = {
		['feat_id'] = 'feat_spot',
		['icon'] = 'ui_icons_spotter_crosshair_gradient',
		['id'] = 'spotters_perk_spotter_feat_spot',
		['mode'] = 'st_npcd_feat_mode_auto',
		['state'] = 'READY',
		['registered'] = false,
		['icon_slot'] = 'ui_icons_spotter_crosshair_gradient',
		['enabled'] = false,
		['cooldown'] = 30,
		['timer'] = -9999
	},
	['spotters_perk_sportshooter_feat_dikecstance'] = {
		['feat_id'] = 'feat_dikecstance',
		['icon'] = 'ui_dikec_hud_bw',
		['id'] = 'spotters_perk_sportshooter_feat_dikecstance',
		['mode'] = 'st_npcd_feat_mode_stance',
		['state'] = 'READY',
		['registered'] = false,
		['icon_slot'] = 'ui_dikec_hud_bw',
		['enabled'] = false,
		['cooldown'] = 1,
		['timer'] = -9999
	},
	['spotters_perk_rifleman_feat_rifleman'] = {
		['feat_id'] = 'feat_rifleman',
		['icon'] = 'ui_rifleman_hud_bw',
		['id'] = 'spotters_perk_rifleman_feat_rifleman',
		['mode'] = 'st_npcd_feat_mode_event',
		['state'] = 'READY',
		['registered'] = false,
		['icon_slot'] = 'ui_rifleman_hud_bw',
		['enabled'] = false,
		['cooldown'] = 1,
		['timer'] = -9999
	},
	['spotters_perk_spotter_feat_callmark'] = {
		['feat_id'] = 'feat_callmark',
		['icon'] = 'ui_icons_spotter_pin_redskull',
		['id'] = 'spotters_perk_spotter_feat_callmark',
		['mode'] = 'st_npcd_feat_mode_manual',
		['state'] = 'READY',
		['registered'] = false,
		['icon_slot'] = 'ui_icons_spotter_pin_redskull',
		['enabled'] = false,
		['cooldown'] = 180,
		['timer'] = -9999
	}
}
[NPCD][Main][CONF]TABLE: | 25724 | 
-- Restart Abilities - NPC perks:
{
	['perk_deadeye'] = {
		['enabled'] = true,
		['id'] = 'perk_deadeye'
	},
	['perk_spotter'] = {
		['enabled'] = true,
		['id'] = 'perk_spotter'
	},
	['perk_teamcom'] = {
		['enabled'] = true,
		['id'] = 'perk_teamcom'
	},
	['perk_rifleman'] = {
		['enabled'] = true,
		['id'] = 'perk_rifleman'
	}
}
[NPCD][Main][CONF]TABLE: | 25724 | 
-- Restarted Abilities
{
	['spotters_perk_deadeye_feat_deadeye'] = {
		['feat_id'] = 'feat_deadeye',
		['icon'] = 'ui_icons_spotter_pin_impobj_person',
		['id'] = 'spotters_perk_deadeye_feat_deadeye',
		['mode'] = 'st_npcd_feat_mode_event',
		['state'] = 'READY',
		['registered'] = false,
		['icon_slot'] = 'ui_icons_spotter_pin_impobj_person',
		['enabled'] = false,
		['cooldown'] = 1,
		['timer'] = -9999
	},
	['spotters_perk_teamcom_feat_reporting'] = {
		['feat_id'] = 'feat_reporting',
		['icon'] = 'ui_icons_spotter_btn_set',
		['id'] = 'spotters_perk_teamcom_feat_reporting',
		['mode'] = 'st_npcd_feat_mode_modal',
		['state'] = 'READY',
		['registered'] = false,
		['icon_slot'] = 'ui_icons_spotter_btn_set',
		['enabled'] = false,
		['cooldown'] = 1,
		['timer'] = -9999
	},
	['spotters_perk_rifleman_feat_rifleman'] = {
		['feat_id'] = 'feat_rifleman',
		['icon'] = 'ui_rifleman_hud_bw',
		['id'] = 'spotters_perk_rifleman_feat_rifleman',
		['mode'] = 'st_npcd_feat_mode_event',
		['state'] = 'READY',
		['registered'] = false,
		['icon_slot'] = 'ui_rifleman_hud_bw',
		['enabled'] = false,
		['cooldown'] = 1,
		['timer'] = -9999
	},
	['spotters_perk_spotter_feat_spot'] = {
		['feat_id'] = 'feat_spot',
		['icon'] = 'ui_icons_spotter_crosshair_gradient',
		['id'] = 'spotters_perk_spotter_feat_spot',
		['mode'] = 'st_npcd_feat_mode_auto',
		['state'] = 'READY',
		['registered'] = false,
		['icon_slot'] = 'ui_icons_spotter_crosshair_gradient',
		['enabled'] = false,
		['cooldown'] = 30,
		['timer'] = -9999
	},
	['spotters_perk_spotter_feat_callmark'] = {
		['feat_id'] = 'feat_callmark',
		['icon'] = 'ui_icons_spotter_pin_redskull',
		['id'] = 'spotters_perk_spotter_feat_callmark',
		['mode'] = 'st_npcd_feat_mode_manual',
		['state'] = 'READY',
		['registered'] = false,
		['icon_slot'] = 'ui_icons_spotter_pin_redskull',
		['enabled'] = false,
		['cooldown'] = 180,
		['timer'] = -9999
	}
}
[NPCD][Main][UI]Built perks icons registry with 10 entries
[NPCD][Main][CONF]TABLE: | 25724 | 
-- icons registry
{
	['ui_icons_spotter_pin_redskull'] = true,
	['ui_cybershot_hud_bw'] = true,
	['ui_icons_spotter_pin_impobj_person'] = true,
	['ui_npcd_perk_registered'] = true,
	['ui_cybereye_hud_bw'] = true,
	['ui_dikec_hud_bw'] = true,
	['ui_icons_spotter_crosshair_gradient'] = true,
	['ui_rifleman_hud_bw'] = true,
	['ui_npcd_feat_registered'] = true,
	['ui_icons_spotter_btn_set'] = true
}
[NPCD][Main][CONF]npcd_get_setting actionbar main/max_slots
[NPCD][Main][CONF]npcd_get_setting actionbar main/show_empty
[NPCD][Main][CONF]npcd_get_setting actionbar main/show_always
[NPCD][Main][CONF]npcd_get_setting actionbar main/show_index
[NPCD][Main][CONF]npcd_get_setting actionbar main/offset_x
[NPCD][Main][CONF]npcd_get_setting actionbar main/offset_y
Time continual is:29674
[NPCD][Main][UI]Initialising NPCD PDA Dashboard UI
[NPCD][Main][UI]Initialising NPCD PDA Dashboard UI Callbacks
[NPCD][Main][CONF]TABLE: | 28658 | 
-- APP
{
	['DECK'] = 'deck',
	['HOME'] = 'home',
	['PERKS'] = 'perks',
	['PROFILES'] = 'profiles'
}
[NPCD][Main][CONF]TABLE: | 28658 | 
-- MENU
{
	['DEAD'] = 'dead',
	['FAVORITE'] = 'favorite',
	['LEARNED'] = 'learned',
	['FEATS'] = 'feats',
	['PERKS'] = 'perks',
	['EFFECTS'] = 'effects',
	['RECRUITABLE'] = 'recruitable',
	['SQUAD'] = 'squad',
	['DISCOVERED'] = 'discovered',
	['ALL'] = 'all'
}
[NPCD][Main][UI]Init NPC Panel Info 
$[NPCD][Main][UI] Creating SFXVideoTerminal
$[NPCD][Main][UI] SFXVideoTerminal: initializing
[NPCD][Main][CONF]TABLE: | 28658 | 
-- SFXVideoTerminal Config:
{
	['parent_dialog'] = userdata,
	['tabs'] = {
		['positional_spacing'] = 1,
		['tab'] = {
			[1] = {
				['on_click'] = {
					[1] = 'npcd_pda_dashboard',
					[2] = 'npc_panel_specs_tab_clicked',
					[3] = 'abilities'
				},
				['label'] = 'st_npcd_specs_tab_abilities',
				['name'] = 'abilities',
				['default'] = true
			},
			[2] = {
				['on_click'] = {
					[1] = 'npcd_pda_dashboard',
					[2] = 'npc_panel_specs_tab_clicked',
					[3] = 'talents'
				},
				['label'] = 'st_npcd_specs_tab_talents',
				['name'] = 'talents',
				['default'] = false
			},
			[3] = {
				['on_click'] = {
					[1] = 'npcd_pda_dashboard',
					[2] = 'npc_panel_specs_tab_clicked',
					[3] = 'effects'
				},
				['label'] = 'st_npcd_specs_tab_effects',
				['name'] = 'effects',
				['default'] = false
			},
			[4] = {
				['on_click'] = {
					[1] = 'npcd_pda_dashboard',
					[2] = 'npc_panel_specs_tab_clicked',
					[3] = 'equipment'
				},
				['label'] = 'st_npcd_specs_tab_equipment',
				['name'] = 'equipment',
				['default'] = false
			}
		},
		['frame'] = 'npc_panel:specs:terminal_tabs',
		['spacing'] = 10,
		['button'] = 'npc_panel:specs:terminal_tabs:button',
		['orient'] = 0,
		['auto_orient'] = true
	},
	['id'] = 'video_terminal__96380',
	['parent'] = userdata,
	['scroll'] = 'npc_panel:specs:terminal_display:terminal_scroll',
	['xml_init'] = 'npcd_pda_dashboard.xml',
	['content'] = userdata,
	['dirt'] = 'npc_panel:specs:terminal_display:terminal_dirt',
	['group'] = 'npc_specs_terminal',
	['header'] = userdata,
	['glass'] = 'npc_panel:specs:terminal_display:terminal_glass',
	['display'] = 'npc_panel:specs:terminal_display',
	['type'] = 'video_terminal'
}
-[NPCD][Main][UI] SFXVideoTerminal: initialized
/[NPCD][Main][CONF]running npcs sweaper
Time continual is:30846
$[NPCD][Main][UI]PROFILES Button Clicked
/[NPCD][Main][UI]Activating App Menu - App: profiles Menu: squad
*[NPCD][Main][UI]Resetting Item Scroller
*[NPCD][Main][UI]Resetting NPC Panel Info
*[NPCD][Main][UI]Deactivated Menu - App: profiles Menu: favorite
*[NPCD][Main][UI]Deactivated Menu - App: profiles Menu: recruitable
*[NPCD][Main][UI]Deactivated Menu - App: profiles Menu: all
*[NPCD][Main][UI]Deactivated Menu - App: profiles Menu: dead
-[NPCD][Main][UI]Activated Menu - App: profiles Menu: squad
/[NPCD][Main][UI]Updating Item Scroller - App: profiles Menu: squad
[NPCD][Main][CONF]TABLE: | 29829 | 
-- Menu Items
{
	[1] = {
		['name'] = 'Dmitro Burr',
		['id'] = 19375
	},
	[2] = {
		['name'] = 'Fanatic',
		['id'] = 19345
	},
	[3] = {
		['name'] = 'Dmitro Janitor',
		['id'] = 19369
	},
	[4] = {
		['name'] = 'German Root',
		['id'] = 19378
	},
	[5] = {
		['name'] = 'Toshka Brownie',
		['id'] = 19372
	}
}
-[NPCD][Main][UI]Item Scroller Row Created - Index: 1
-[NPCD][Main][UI]Item Scroller Row Created - Index: 2
-[NPCD][Main][UI]Item Scroller Row Created - Index: 3
-[NPCD][Main][UI]Item Scroller Row Created - Index: 4
-[NPCD][Main][UI]Item Scroller Row Created - Index: 5
[NPCD][Main][CONF]TABLE: | 29829 | 
-- Item Scroller Rows
{
	[1] = {
		['menu_item'] = {
			['app_name'] = 'profiles',
			['name'] = 'Dmitro Burr',
			['id'] = 19375
		},
		['button'] = userdata
	},
	[2] = {
		['menu_item'] = {
			['app_name'] = 'profiles',
			['name'] = 'Fanatic',
			['id'] = 19345
		},
		['button'] = userdata
	},
	[3] = {
		['menu_item'] = {
			['app_name'] = 'profiles',
			['name'] = 'Dmitro Janitor',
			['id'] = 19369
		},
		['button'] = userdata
	},
	[4] = {
		['menu_item'] = {
			['app_name'] = 'profiles',
			['name'] = 'German Root',
			['id'] = 19378
		},
		['button'] = userdata
	},
	[5] = {
		['menu_item'] = {
			['app_name'] = 'profiles',
			['name'] = 'Toshka Brownie',
			['id'] = 19372
		},
		['button'] = userdata
	}
}
[NPCD][Main][UI]Setting Active Menu Button Enable State - App: profiles Menu: squad Enable: false
[NPCD][Main][UI]Redrawing Left Shoulder to fix button overlap issue
[NPCD][Main][UI]Items Scroller BG Showing FX Stopped
[NPCD][Main][UI]Forcing Items Scroller Flickering FX to start
/[NPCD][Main][CONF]running npcs profiler
Time continual is:32102
[NPCD][Main][UI]Requested Updating Item Panel - App: profiles Item ID: 19375
[NPCD][Main][UI]Initializing new panel
/[NPCD][Main][UI] SFXVideoTerminal: switch on
/[NPCD][Main][UI]Starting FX: showing__45192
/[NPCD][Main][UI]Updating NPC Panel Info - NPC ID: 19375
[NPCD][Main][UI]NPC Characteristic[energy]: 96
[NPCD][Main][UI]NPC Characteristic[marksmanship]: 75
[NPCD][Main][UI]NPC Characteristic[survival]: 52
[NPCD][Main][UI]NPC Characteristic[comradery]: 47
[NPCD][Main][UI]NPC Characteristic[capacity]: 42
[NPCD][Main][UI]NPC Characteristic[resolve]: 83
[NPCD][Main][UI]NPC Characteristic[recuperation]: 77
[NPCD][Main][UI]Item Scroller Button Clicked - Item[nil]: Dmitro Burr
![NPCD][Main][UI]NPC Panel Info Showing FX Stopped
/[NPCD][Main][UI]Initializing all the remaining NPC Panel Info FXs
/[NPCD][Main][UI] SFXVideoTerminal: started callback video_terminal__96380
[NPCD][Main][CONF]TABLE: | 31569 | 
-- SFX INSTANCES:
{
	['video_terminal__96380'] = userdata
}
/[NPCD][Main][UI] SFXVideoTerminal: started
/[NPCD][Main][UI] SFXVideoTerminal: content displayed callback video_terminal__96380
/[NPCD][Main][UI] SFXVideoTerminal: content displayed
[NPCD][Main][UI] SFXVideoTerminal: header shown
Time continual is:36747
/[NPCD][Main][CONF]running npcs updater
Time continual is:38620
/[NPCD][Main][UI] SFXVideoTerminal: tab 2 clicked
[NPCD][UI]NPC Panel Specs Tab Clicked - Spec: talents
/[NPCD][Main][UI] SFXVideoTerminal: tab 3 clicked
[NPCD][UI]NPC Panel Specs Tab Clicked - Spec: effects
Time continual is:39757
/[NPCD][Main][UI] SFXVideoTerminal: tab 4 clicked
[NPCD][UI]NPC Panel Specs Tab Clicked - Spec: equipment
{@} --- Invalid destination [-866.504578][759.417847]
Time continual is:67839
/[NPCD][Main][CONF]purging npc 19449
Time continual is:80463
~ Warfare is not loaded, unregistered warfare callbacks
Time continual is:89902
/[NPCD][Main][CONF]running npcs sweaper
Time continual is:91754
/[NPCD][Main][CONF]running npcs profiler
[LSS] Spawning object [sim_default_stalker_026135][sim_default_stalker_0][26135]
[LSS] Spawning object [sim_default_stalker_126138][sim_default_stalker_1][26138]
Time continual is:123654
-[NPCD][Main][CONF]npc 26135 added
-[NPCD][MAIN] new npc added id:26135, name:sim_default_stalker_026135, character_name:Lyonka Mountaineer, faction:stalker
-[NPCD][Main][CONF]npc 26138 added
-[NPCD][MAIN] new npc added id:26138, name:sim_default_stalker_126138, character_name:Bohdan Choker, faction:stalker
[LSS] Spawning object [shovel_mili5629][shovel_mili][5629]
[LSS] Spawning object [solvent5630][solvent][5630]
Time continual is:149902
/[NPCD][Main][CONF]running npcs sweaper
Time continual is:151754
/[NPCD][Main][CONF]running npcs profiler
/[NPCD][Main][CONF]creating new profile for npc 26135 sim_default_stalker_026135 Lyonka Mountaineer
/[NPCD][Main][CONF]npc 26135 create profile
/[NPCD][Main][CONF]rolling npc 26135 perk
[NPCD][Main][CONF]perk perk_spotter is available
/[NPCD][Main][CONF]executing npc 26135 roll
/[NPCD][Main][CONF]rolling npc 26135 perk
[NPCD][Main][CONF]perk perk_sportshooter is available
/[NPCD][Main][CONF]executing npc 26135 roll
/[NPCD][Main][CONF]rolling npc 26135 perk
[NPCD][Main][CONF]perk perk_deadeye is available
/[NPCD][Main][CONF]executing npc 26135 roll
/[NPCD][Main][CONF]rolling npc 26135 perk
[NPCD][Main][CONF]perk perk_sportshooter is available
/[NPCD][Main][CONF]executing npc 26135 roll
/[NPCD][Main][CONF]rolling npc 26135 perk
[NPCD][Main][CONF]perk perk_cybereye is available
/[NPCD][Main][CONF]executing npc 26135 roll
/[NPCD][Main][CONF]rolling npc 26135 perk
[NPCD][Main][CONF]perk perk_rifleman is available
/[NPCD][Main][CONF]executing npc 26135 roll
/[NPCD][Main][CONF]rolling npc 26135 perk
[NPCD][Main][CONF]perk perk_rifleman is available
/[NPCD][Main][CONF]executing npc 26135 roll
/[NPCD][Main][CONF]rolling npc 26135 perk
[NPCD][Main][CONF]perk perk_cybereye is available
/[NPCD][Main][CONF]executing npc 26135 roll
/[NPCD][Main][CONF]rolling npc 26135 perk
[NPCD][Main][CONF]perk perk_cybereye is available
/[NPCD][Main][CONF]executing npc 26135 roll
/[NPCD][Main][CONF]rolling npc 26135 perk
[NPCD][Main][CONF]perk perk_cybereye is available
/[NPCD][Main][CONF]executing npc 26135 roll
/[NPCD][Main][CONF]rolling npc 26135 perk
[NPCD][Main][CONF]perk perk_cybereye is available
/[NPCD][Main][CONF]executing npc 26135 roll
/[NPCD][Main][CONF]rolling npc 26135 perk
[NPCD][Main][CONF]perk perk_cybereye is available
/[NPCD][Main][CONF]executing npc 26135 roll
[NPCD][Main][CONF]TABLE: | 150738 | 
-- Create Profile NPC 26135
{
	['recruited'] = false,
	['id'] = 26135,
	['show_profile'] = false,
	['alive'] = true,
	['Info'] = {
 
	},
	['has_profile'] = true,
	['Characteristics'] = {
		['energy'] = 67,
		['marksmanship'] = 77,
		['survival'] = 76,
		['comradery'] = 39,
		['capacity'] = 71,
		['resolve'] = 74,
		['recuperation'] = 69
	},
	['Perk'] = {
		['perk_sportshooter'] = {
			['enabled'] = false,
			['id'] = 'perk_sportshooter'
		},
		['perk_deadeye'] = {
			['enabled'] = false,
			['id'] = 'perk_deadeye'
		},
		['perk_spotter'] = {
			['enabled'] = false,
			['id'] = 'perk_spotter'
		},
		['perk_cybereye'] = {
			['enabled'] = false,
			['id'] = 'perk_cybereye'
		},
		['perk_rifleman'] = {
			['enabled'] = false,
			['id'] = 'perk_rifleman'
		}
	},
	['Ability'] = {
 
	}
}
/[NPCD][Main][CONF]creating new profile for npc 26138 sim_default_stalker_126138 Bohdan Choker
/[NPCD][Main][CONF]npc 26138 create profile
/[NPCD][Main][CONF]rolling npc 26138 perk
[NPCD][Main][CONF]perk perk_spotter is available
/[NPCD][Main][CONF]executing npc 26138 roll
/[NPCD][Main][CONF]rolling npc 26138 perk
[NPCD][Main][CONF]perk perk_spotter is available
/[NPCD][Main][CONF]executing npc 26138 roll
/[NPCD][Main][CONF]rolling npc 26138 perk
[NPCD][Main][CONF]perk perk_spotter is available
/[NPCD][Main][CONF]executing npc 26138 roll
/[NPCD][Main][CONF]rolling npc 26138 perk
[NPCD][Main][CONF]perk perk_teamcom is available
/[NPCD][Main][CONF]executing npc 26138 roll
/[NPCD][Main][CONF]rolling npc 26138 perk
[NPCD][Main][CONF]perk perk_sportshooter is available
/[NPCD][Main][CONF]executing npc 26138 roll
/[NPCD][Main][CONF]rolling npc 26138 perk
[NPCD][Main][CONF]perk perk_deadeye is available
/[NPCD][Main][CONF]executing npc 26138 roll
/[NPCD][Main][CONF]rolling npc 26138 perk
[NPCD][Main][CONF]perk perk_sportshooter is available
/[NPCD][Main][CONF]executing npc 26138 roll
/[NPCD][Main][CONF]rolling npc 26138 perk
[NPCD][Main][CONF]perk perk_rifleman is available
/[NPCD][Main][CONF]executing npc 26138 roll
/[NPCD][Main][CONF]rolling npc 26138 perk
[NPCD][Main][CONF]perk perk_cybereye is available
/[NPCD][Main][CONF]executing npc 26138 roll
/[NPCD][Main][CONF]rolling npc 26138 perk
[NPCD][Main][CONF]perk perk_rifleman is available
/[NPCD][Main][CONF]executing npc 26138 roll
/[NPCD][Main][CONF]rolling npc 26138 perk
[NPCD][Main][CONF]perk perk_cybereye is available
/[NPCD][Main][CONF]executing npc 26138 roll
/[NPCD][Main][CONF]rolling npc 26138 perk
[NPCD][Main][CONF]perk perk_rifleman is available
/[NPCD][Main][CONF]executing npc 26138 roll
/[NPCD][Main][CONF]rolling npc 26138 perk
[NPCD][Main][CONF]perk perk_rifleman is available
/[NPCD][Main][CONF]executing npc 26138 roll
/[NPCD][Main][CONF]rolling npc 26138 perk
[NPCD][Main][CONF]perk perk_rifleman is available
/[NPCD][Main][CONF]executing npc 26138 roll
/[NPCD][Main][CONF]rolling npc 26138 perk
[NPCD][Main][CONF]perk perk_rifleman is available
/[NPCD][Main][CONF]executing npc 26138 roll
[NPCD][Main][CONF]TABLE: | 150738 | 
-- Create Profile NPC 26138
{
	['recruited'] = false,
	['id'] = 26138,
	['show_profile'] = false,
	['alive'] = true,
	['Info'] = {
 
	},
	['has_profile'] = true,
	['Characteristics'] = {
		['energy'] = 76,
		['marksmanship'] = 86,
		['survival'] = 74,
		['comradery'] = 21,
		['capacity'] = 60,
		['resolve'] = 54,
		['recuperation'] = 79
	},
	['Perk'] = {
		['perk_sportshooter'] = {
			['enabled'] = false,
			['id'] = 'perk_sportshooter'
		},
		['perk_deadeye'] = {
			['enabled'] = false,
			['id'] = 'perk_deadeye'
		},
		['perk_spotter'] = {
			['enabled'] = false,
			['id'] = 'perk_spotter'
		},
		['perk_cybereye'] = {
			['enabled'] = false,
			['id'] = 'perk_cybereye'
		},
		['perk_rifleman'] = {
			['enabled'] = false,
			['id'] = 'perk_rifleman'
		}
	},
	['Ability'] = {
 
	}
}
! [LUA]  0 : [C  ] __len
! [LUA]  1 : [Lua] ...es/gamma/anomaly/bin/..\gamedata\scripts\spotters.script(82) : play_voice
! [LUA]  2 : [Lua] ...es/gamma/anomaly/bin/..\gamedata\scripts\spotters.script(282) : mark_enemy
! [LUA]  3 : [Lua] ...es/gamma/anomaly/bin/..\gamedata\scripts\spotters.script(725) : execute_func
! [LUA]  4 : [Lua] ...amma/anomaly/bin/..\gamedata\scripts\npcd_manager.script(40) : execute_activate
! [LUA]  5 : [Lua] ...amma/anomaly/bin/..\gamedata\scripts\npcd_manager.script(398) : f
! [LUA]  6 : [Lua] d:/games/gamma/anomaly/bin/..\gamedata\scripts\_g.script(378) : functor_a
! [LUA]  7 : [Lua] d:/games/gamma/anomaly/bin/..\gamedata\scripts\_g.script(466) : 
! [LUA] SCRIPT RUNTIME ERROR
! [LUA]  0 : [C  ] __len
! [LUA]  1 : [Lua] ...es/gamma/anomaly/bin/..\gamedata\scripts\spotters.script(82) : play_voice
! [LUA]  2 : [Lua] ...es/gamma/anomaly/bin/..\gamedata\scripts\spotters.script(282) : mark_enemy
! [LUA]  3 : [Lua] ...es/gamma/anomaly/bin/..\gamedata\scripts\spotters.script(725) : execute_func
! [LUA]  4 : [Lua] ...amma/anomaly/bin/..\gamedata\scripts\npcd_manager.script(40) : execute_activate
! [LUA]  5 : [Lua] ...amma/anomaly/bin/..\gamedata\scripts\npcd_manager.script(398) : f
! [LUA]  6 : [Lua] d:/games/gamma/anomaly/bin/..\gamedata\scripts\_g.script(378) : functor_a
! [LUA]  7 : [Lua] d:/games/gamma/anomaly/bin/..\gamedata\scripts\_g.script(466) : 
! [LUA] ...es/gamma/anomaly/bin/..\gamedata\scripts\spotters.script:82: attempt to get length of a nil value
! [LUA]  0 : [C  ] __len
! [LUA]  1 : [Lua] ...es/gamma/anomaly/bin/..\gamedata\scripts\spotters.script(82) : play_voice
! [LUA]  2 : [Lua] ...es/gamma/anomaly/bin/..\gamedata\scripts\spotters.script(282) : mark_enemy
! [LUA]  3 : [Lua] ...es/gamma/anomaly/bin/..\gamedata\scripts\spotters.script(725) : execute_func
! [LUA]  4 : [Lua] ...amma/anomaly/bin/..\gamedata\scripts\npcd_manager.script(40) : execute_activate
! [LUA]  5 : [Lua] ...amma/anomaly/bin/..\gamedata\scripts\npcd_manager.script(398) : f
! [LUA]  6 : [Lua] d:/games/gamma/anomaly/bin/..\gamedata\scripts\_g.script(378) : functor_a
! [LUA]  7 : [Lua] d:/games/gamma/anomaly/bin/..\gamedata\scripts\_g.script(466) : 
! [SCRIPT ERROR]: ...es/gamma/anomaly/bin/..\gamedata\scripts\spotters.script:82: attempt to get length of a nil value
 
FATAL ERROR
 
[error]Expression    : <no expression>
[error]Function      : CScriptEngine::lua_pcall_failed
[error]File          : E:\dev\anomaly\xray-monolith\src\xrServerEntities\script_engine.cpp
[error]Line          : 262
[error]Description   : fatal error
[error]Arguments     : 
 1 : [Lua] ...es/gamma/anomaly/bin/..\gamedata\scripts\spotters.script(82) : play_voice
 
LUA error: ...es/gamma/anomaly/bin/..\gamedata\scripts\spotters.script:82: attempt to get length of a nil value
 
Check log for details
 

stack trace:

! [LUA]  0 : [C  ] __len
! [LUA]  1 : [Lua] ...es/gamma/anomaly/bin/..\gamedata\scripts\spotters.script(82) : play_voice
! [LUA]  2 : [Lua] ...es/gamma/anomaly/bin/..\gamedata\scripts\spotters.script(282) : mark_enemy
! [LUA]  3 : [Lua] ...es/gamma/anomaly/bin/..\gamedata\scripts\spotters.script(725) : execute_func
! [LUA]  4 : [Lua] ...amma/anomaly/bin/..\gamedata\scripts\npcd_manager.script(40) : execute_activate
! [LUA]  5 : [Lua] ...amma/anomaly/bin/..\gamedata\scripts\npcd_manager.script(398) : f
! [LUA]  6 : [Lua] d:/games/gamma/anomaly/bin/..\gamedata\scripts\_g.script(378) : functor_a
! [LUA]  7 : [Lua] d:/games/gamma/anomaly/bin/..\gamedata\scripts\_g.script(466) : 
 

SymInit: Symbol-SearchPath: '.;D:\games\GAMMA\Anomaly\bin;D:\games\GAMMA\Anomaly\bin;C:\WINDOWS;C:\WINDOWS\system32;', symOptions: 530, UserName: 'massi'
OS-Version: 6.2.9200 () 0x100-0x1
D:\games\GAMMA\Anomaly\bin\AnomalyDX11AVX.exe:AnomalyDX11AVX.exe (0000000140000000), size: 25653248 (result: 0), SymType: 'PDB', PDB: '.\AnomalyDX11AVX.pdb'
E:\dev\anomaly\xray-monolith\src\xrCore\xrDebugNew.cpp (123): LogStackTrace
E:\dev\anomaly\xray-monolith\src\xrCore\xrDebugNew.cpp (264): xrDebug::backend
E:\dev\anomaly\xray-monolith\src\xrCore\xrDebugNew.cpp (496): xrDebug::fatal
E:\dev\anomaly\xray-monolith\src\xrServerEntities\script_engine.cpp (264): CScriptEngine::lua_pcall_failed
E:\dev\anomaly\xray-monolith\src\3rd party\luajit-2\src\lj_err.c (565): lj_err_run
E:\dev\anomaly\xray-monolith\src\3rd party\luajit-2\src\lj_err.c (580): err_msgv
E:\dev\anomaly\xray-monolith\src\3rd party\luajit-2\src\lj_err.c (616): lj_err_optype
E:\dev\anomaly\xray-monolith\src\3rd party\luajit-2\src\lj_meta.c (321): lj_meta_len
E:\dev\anomaly\xray-monolith\src\3rd party\luabind\luabind\src\pcall.cpp (40): luabind::detail::pcall
E:\dev\anomaly\xray-monolith\src\xrGame\PHScriptCall.cpp (35): CPHScriptCondition::is_true
E:\dev\anomaly\xray-monolith\src\xrGame\PHCommander.cpp (83): CPHCommander::update
E:\dev\anomaly\xray-monolith\src\xrGame\Level.cpp (1062): CLevel::OnFrame
E:\dev\anomaly\xray-monolith\src\xrEngine\pure.h (106): CRegistrator<pureFrame>::Process
E:\dev\anomaly\xray-monolith\src\xrEngine\device.cpp (653): CRenderDevice::FrameMove
E:\dev\anomaly\xray-monolith\src\xrEngine\device.cpp (358): CRenderDevice::on_idle
E:\dev\anomaly\xray-monolith\src\xrEngine\device.cpp (586): CRenderDevice::Run
E:\dev\anomaly\xray-monolith\src\xrEngine\x_ray.cpp (618): Startup
E:\dev\anomaly\xray-monolith\src\xrEngine\x_ray.cpp (1117): WinMain_impl
E:\dev\anomaly\xray-monolith\src\xrEngine\x_ray.cpp (1184): WinMain
